12420.0?src/main/java/org/fluentd/logger/Config.java,12420.0
12420.0?src/main/java/org/fluentd/logger/Constants.java,12420.0
12420.0?src/main/java/org/fluentd/logger/errorhandler/ErrorHandler.java,12420.0
12420.0?src/main/java/org/fluentd/logger/FluentLogger.java,12420.0
12420.0?src/main/java/org/fluentd/logger/FluentLoggerFactory.java,12420.0
12420.0?src/main/java/org/fluentd/logger/sender/ConstantDelayReconnector.java,12420.0
12420.0?src/main/java/org/fluentd/logger/sender/Event.java,12420.0
12420.0?src/main/java/org/fluentd/logger/sender/ExponentialDelayReconnector.java,12420.0
12420.0?src/main/java/org/fluentd/logger/sender/NullSender.java,12420.0
12420.0?src/main/java/org/fluentd/logger/sender/RawSocketSender.java,12420.0
12420.0?src/main/java/org/fluentd/logger/sender/Reconnector.java,12420.0
12420.0?src/main/java/org/fluentd/logger/sender/Sender.java,12420.0
12420.1?src/main/java/org/fluentd/logger/Config.java,12420.1
12420.1?src/main/java/org/fluentd/logger/Constants.java,12420.1
12420.1?src/main/java/org/fluentd/logger/errorhandler/ErrorHandler.java,12420.1
12420.1?src/main/java/org/fluentd/logger/FluentLogger.java,12420.1
12420.1?src/main/java/org/fluentd/logger/FluentLoggerFactory.java,12420.1
12420.1?src/main/java/org/fluentd/logger/sender/ConstantDelayReconnector.java,12420.1
12420.1?src/main/java/org/fluentd/logger/sender/Event.java,12420.1
12420.1?src/main/java/org/fluentd/logger/sender/ExponentialDelayReconnector.java,12420.1
12420.1?src/main/java/org/fluentd/logger/sender/NullSender.java,12420.1
12420.1?src/main/java/org/fluentd/logger/sender/RawSocketSender.java,12420.1
12420.1?src/main/java/org/fluentd/logger/sender/Reconnector.java,12420.1
12420.1?src/main/java/org/fluentd/logger/sender/Sender.java,12420.1
