12420.0?src/main/java/org/fluentd/logger/FluentLogger.java?getLogger-FluentLogger-String,12420.0?src/main/java/org/fluentd/logger/FluentLoggerFactory.java?getLogger-FluentLoggerFactory-String-String-int,methodCallMethod
12420.0?src/main/java/org/fluentd/logger/FluentLogger.java?getLogger-FluentLogger-String-String-int,12420.0?src/main/java/org/fluentd/logger/FluentLoggerFactory.java?getLogger-FluentLoggerFactory-String-String-int-int-int,methodCallMethod
12420.0?src/main/java/org/fluentd/logger/FluentLogger.java?getLogger-FluentLogger-String-String-int,12420.0?src/main/java/org/fluentd/logger/FluentLoggerFactory.java?getLogger-FluentLoggerFactory-String-String-int-int-int,methodCallMethod
12420.0?src/main/java/org/fluentd/logger/FluentLogger.java?getLogger-FluentLogger-String-String-int-int-int,12420.0?src/main/java/org/fluentd/logger/FluentLoggerFactory.java?getLogger-FluentLoggerFactory-String-String-int-int-int,methodCallMethod
12420.0?src/main/java/org/fluentd/logger/FluentLogger.java?getLogger-FluentLogger-String-String-int-int-int-Reconnector,12420.0?src/main/java/org/fluentd/logger/FluentLoggerFactory.java?getLogger-FluentLoggerFactory-String-String-int-int-int-Reconnector,methodCallMethod
12420.0?src/main/java/org/fluentd/logger/FluentLogger.java?getLoggers-FluentLogger-,12420.0?src/main/java/org/fluentd/logger/FluentLoggerFactory.java?getLoggers-FluentLoggerFactory-,methodCallMethod
12420.0?src/main/java/org/fluentd/logger/FluentLogger.java?flushAll-FluentLogger-,12420.0?src/main/java/org/fluentd/logger/FluentLoggerFactory.java?flushAll-FluentLoggerFactory-,methodCallMethod
12420.0?src/main/java/org/fluentd/logger/FluentLogger.java?log-FluentLogger-String-Map<String.Object>-long,12420.0?src/main/java/org/fluentd/logger/sender/Sender.java?emit-Sender-String-long-Map<String.Object>,methodCallMethod
12420.0?src/main/java/org/fluentd/logger/FluentLogger.java?log-FluentLogger-String-Map<String.Object>-long,12420.0?src/main/java/org/fluentd/logger/sender/Sender.java?emit-Sender-String-Map<String.Object>,methodCallMethod
12420.0?src/main/java/org/fluentd/logger/FluentLogger.java?flush-FluentLogger-,12420.0?src/main/java/org/fluentd/logger/sender/Sender.java?flush-Sender-,methodCallMethod
12420.0?src/main/java/org/fluentd/logger/FluentLogger.java?close-FluentLogger-,12420.0?src/main/java/org/fluentd/logger/sender/Sender.java?flush-Sender-,methodCallMethod
12420.0?src/main/java/org/fluentd/logger/FluentLogger.java?close-FluentLogger-,12420.0?src/main/java/org/fluentd/logger/sender/Sender.java?flush-Sender-,methodCallMethod
12420.0?src/main/java/org/fluentd/logger/FluentLogger.java?getName-FluentLogger-,12420.0?src/main/java/org/fluentd/logger/sender/Sender.java?getName-Sender-,methodCallMethod
12420.0?src/main/java/org/fluentd/logger/FluentLogger.java?finalize-FluentLogger-,12420.0?src/main/java/org/fluentd/logger/sender/Sender.java?close-Sender-,methodCallMethod
12420.0?src/main/java/org/fluentd/logger/FluentLogger.java?isConnected-FluentLogger-,12420.0?src/main/java/org/fluentd/logger/sender/Sender.java?isConnected-Sender-,methodCallMethod
12420.0?src/main/java/org/fluentd/logger/FluentLogger.java?setErrorHandler-FluentLogger-ErrorHandler,12420.0?src/main/java/org/fluentd/logger/sender/Sender.java?setErrorHandler-Sender-ErrorHandler,methodCallMethod
12420.0?src/main/java/org/fluentd/logger/FluentLogger.java?removeErrorHandler-FluentLogger-,12420.0?src/main/java/org/fluentd/logger/sender/Sender.java?removeErrorHandler-Sender-,methodCallMethod
12420.0?src/main/java/org/fluentd/logger/FluentLoggerFactory.java?closeAll-FluentLoggerFactory-,12420.0?src/main/java/org/fluentd/logger/FluentLogger.java?close-FluentLogger-,methodCallMethod
12420.0?src/main/java/org/fluentd/logger/FluentLoggerFactory.java?flushAll-FluentLoggerFactory-,12420.0?src/main/java/org/fluentd/logger/FluentLogger.java?flush-FluentLogger-,methodCallMethod
12420.0?src/main/java/org/fluentd/logger/sender/RawSocketSender.java?flushBuffer-RawSocketSender-,12420.0?src/main/java/org/fluentd/logger/sender/Reconnector.java?enableReconnection-Reconnector-long,methodCallMethod
12420.0?src/main/java/org/fluentd/logger/sender/RawSocketSender.java?send-RawSocketSender-byte[],12420.0?src/main/java/org/fluentd/logger/sender/Reconnector.java?enableReconnection-Reconnector-long,methodCallMethod
12420.0?src/main/java/org/fluentd/logger/sender/RawSocketSender.java?send-RawSocketSender-byte[],12420.0?src/main/java/org/fluentd/logger/sender/Reconnector.java?enableReconnection-Reconnector-long,methodCallMethod
12420.0?src/main/java/org/fluentd/logger/sender/RawSocketSender.java?flush-RawSocketSender-,12420.0?src/main/java/org/fluentd/logger/sender/Reconnector.java?clearErrorHistory-Reconnector-,methodCallMethod
12420.0?src/main/java/org/fluentd/logger/sender/RawSocketSender.java?flush-RawSocketSender-,12420.0?src/main/java/org/fluentd/logger/sender/Reconnector.java?addErrorHistory-Reconnector-long,methodCallMethod
12420.0?src/main/java/org/fluentd/logger/sender/RawSocketSender.java?flush-RawSocketSender-,12420.0?src/main/java/org/fluentd/logger/errorhandler/ErrorHandler.java?handleNetworkError-ErrorHandler-IOException,methodCallMethod
12420.1?src/main/java/org/fluentd/logger/FluentLogger.java?getLogger-FluentLogger-String,12420.1?src/main/java/org/fluentd/logger/FluentLoggerFactory.java?getLogger-FluentLoggerFactory-String-String-int,methodCallMethod
12420.1?src/main/java/org/fluentd/logger/FluentLogger.java?getLogger-FluentLogger-String-String-int,12420.1?src/main/java/org/fluentd/logger/FluentLoggerFactory.java?getLogger-FluentLoggerFactory-String-String-int-int-int,methodCallMethod
12420.1?src/main/java/org/fluentd/logger/FluentLogger.java?getLogger-FluentLogger-String-String-int,12420.1?src/main/java/org/fluentd/logger/FluentLoggerFactory.java?getLogger-FluentLoggerFactory-String-String-int-int-int,methodCallMethod
12420.1?src/main/java/org/fluentd/logger/FluentLogger.java?getLogger-FluentLogger-String-String-int-int-int,12420.1?src/main/java/org/fluentd/logger/FluentLoggerFactory.java?getLogger-FluentLoggerFactory-String-String-int-int-int,methodCallMethod
12420.1?src/main/java/org/fluentd/logger/FluentLogger.java?getLogger-FluentLogger-String-String-int-int-int-Reconnector,12420.1?src/main/java/org/fluentd/logger/FluentLoggerFactory.java?getLogger-FluentLoggerFactory-String-String-int-int-int-Reconnector,methodCallMethod
12420.1?src/main/java/org/fluentd/logger/FluentLogger.java?getLoggers-FluentLogger-,12420.1?src/main/java/org/fluentd/logger/FluentLoggerFactory.java?getLoggers-FluentLoggerFactory-,methodCallMethod
12420.1?src/main/java/org/fluentd/logger/FluentLogger.java?flushAll-FluentLogger-,12420.1?src/main/java/org/fluentd/logger/FluentLoggerFactory.java?flushAll-FluentLoggerFactory-,methodCallMethod
12420.1?src/main/java/org/fluentd/logger/FluentLogger.java?log-FluentLogger-String-Map<String.Object>-long,12420.1?src/main/java/org/fluentd/logger/sender/Sender.java?emit-Sender-String-long-Map<String.Object>,methodCallMethod
12420.1?src/main/java/org/fluentd/logger/FluentLogger.java?log-FluentLogger-String-Map<String.Object>-long,12420.1?src/main/java/org/fluentd/logger/sender/Sender.java?emit-Sender-String-Map<String.Object>,methodCallMethod
12420.1?src/main/java/org/fluentd/logger/FluentLogger.java?flush-FluentLogger-,12420.1?src/main/java/org/fluentd/logger/sender/Sender.java?flush-Sender-,methodCallMethod
12420.1?src/main/java/org/fluentd/logger/FluentLogger.java?close-FluentLogger-,12420.1?src/main/java/org/fluentd/logger/sender/Sender.java?flush-Sender-,methodCallMethod
12420.1?src/main/java/org/fluentd/logger/FluentLogger.java?close-FluentLogger-,12420.1?src/main/java/org/fluentd/logger/sender/Sender.java?flush-Sender-,methodCallMethod
12420.1?src/main/java/org/fluentd/logger/FluentLogger.java?close-FluentLogger-,12420.1?src/main/java/org/fluentd/logger/FluentLoggerFactory.java?purgeLogger-FluentLoggerFactory-FluentLogger,methodCallMethod
12420.1?src/main/java/org/fluentd/logger/FluentLogger.java?getName-FluentLogger-,12420.1?src/main/java/org/fluentd/logger/sender/Sender.java?getName-Sender-,methodCallMethod
12420.1?src/main/java/org/fluentd/logger/FluentLogger.java?finalize-FluentLogger-,12420.1?src/main/java/org/fluentd/logger/sender/Sender.java?close-Sender-,methodCallMethod
12420.1?src/main/java/org/fluentd/logger/FluentLogger.java?finalize-FluentLogger-,12420.1?src/main/java/org/fluentd/logger/sender/Sender.java?close-Sender-,methodCallMethod
12420.1?src/main/java/org/fluentd/logger/FluentLogger.java?isConnected-FluentLogger-,12420.1?src/main/java/org/fluentd/logger/sender/Sender.java?isConnected-Sender-,methodCallMethod
12420.1?src/main/java/org/fluentd/logger/FluentLogger.java?setErrorHandler-FluentLogger-ErrorHandler,12420.1?src/main/java/org/fluentd/logger/sender/Sender.java?setErrorHandler-Sender-ErrorHandler,methodCallMethod
12420.1?src/main/java/org/fluentd/logger/FluentLogger.java?removeErrorHandler-FluentLogger-,12420.1?src/main/java/org/fluentd/logger/sender/Sender.java?removeErrorHandler-Sender-,methodCallMethod
12420.1?src/main/java/org/fluentd/logger/FluentLoggerFactory.java?closeAll-FluentLoggerFactory-,12420.1?src/main/java/org/fluentd/logger/FluentLogger.java?close-FluentLogger-,methodCallMethod
12420.1?src/main/java/org/fluentd/logger/FluentLoggerFactory.java?flushAll-FluentLoggerFactory-,12420.1?src/main/java/org/fluentd/logger/FluentLogger.java?flush-FluentLogger-,methodCallMethod
12420.1?src/main/java/org/fluentd/logger/sender/RawSocketSender.java?flushBuffer-RawSocketSender-,12420.1?src/main/java/org/fluentd/logger/sender/Reconnector.java?enableReconnection-Reconnector-long,methodCallMethod
12420.1?src/main/java/org/fluentd/logger/sender/RawSocketSender.java?send-RawSocketSender-byte[],12420.1?src/main/java/org/fluentd/logger/sender/Reconnector.java?enableReconnection-Reconnector-long,methodCallMethod
12420.1?src/main/java/org/fluentd/logger/sender/RawSocketSender.java?send-RawSocketSender-byte[],12420.1?src/main/java/org/fluentd/logger/sender/Reconnector.java?enableReconnection-Reconnector-long,methodCallMethod
12420.1?src/main/java/org/fluentd/logger/sender/RawSocketSender.java?flush-RawSocketSender-,12420.1?src/main/java/org/fluentd/logger/sender/Reconnector.java?clearErrorHistory-Reconnector-,methodCallMethod
12420.1?src/main/java/org/fluentd/logger/sender/RawSocketSender.java?flush-RawSocketSender-,12420.1?src/main/java/org/fluentd/logger/sender/Reconnector.java?addErrorHistory-Reconnector-long,methodCallMethod
12420.1?src/main/java/org/fluentd/logger/sender/RawSocketSender.java?flush-RawSocketSender-,12420.1?src/main/java/org/fluentd/logger/errorhandler/ErrorHandler.java?handleNetworkError-ErrorHandler-IOException,methodCallMethod
