12420.0?src/main/java/org/fluentd/logger/FluentLogger.java?getLogger-FluentLogger-String?12,12420.0?src/main/java/org/fluentd/logger/FluentLoggerFactory.java?getLogger-FluentLoggerFactory-String-String-int,nodeCallMethod
12420.0?src/main/java/org/fluentd/logger/FluentLogger.java?getLogger-FluentLogger-String-String-int?20,12420.0?src/main/java/org/fluentd/logger/FluentLoggerFactory.java?getLogger-FluentLoggerFactory-String-String-int-int-int,nodeCallMethod
12420.0?src/main/java/org/fluentd/logger/FluentLogger.java?getLogger-FluentLogger-String-String-int?59,12420.0?src/main/java/org/fluentd/logger/FluentLoggerFactory.java?getLogger-FluentLoggerFactory-String-String-int-int-int,nodeCallMethod
12420.0?src/main/java/org/fluentd/logger/FluentLogger.java?getLogger-FluentLogger-String-String-int-int-int?29,12420.0?src/main/java/org/fluentd/logger/FluentLoggerFactory.java?getLogger-FluentLoggerFactory-String-String-int-int-int,nodeCallMethod
12420.0?src/main/java/org/fluentd/logger/FluentLogger.java?getLogger-FluentLogger-String-String-int-int-int-Reconnector?33,12420.0?src/main/java/org/fluentd/logger/FluentLoggerFactory.java?getLogger-FluentLoggerFactory-String-String-int-int-int-Reconnector,nodeCallMethod
12420.0?src/main/java/org/fluentd/logger/FluentLogger.java?getLoggers-FluentLogger-?10,12420.0?src/main/java/org/fluentd/logger/FluentLoggerFactory.java?getLoggers-FluentLoggerFactory-,nodeCallMethod
12420.0?src/main/java/org/fluentd/logger/FluentLogger.java?closeAll-FluentLogger-?8,12420.0?src/main/java/org/fluentd/logger/FluentLoggerFactory.java?closeAll-FluentLoggerFactory-,nodeCallMethod
12420.0?src/main/java/org/fluentd/logger/FluentLogger.java?flushAll-FluentLogger-?8,12420.0?src/main/java/org/fluentd/logger/FluentLoggerFactory.java?flushAll-FluentLoggerFactory-,nodeCallMethod
12420.0?src/main/java/org/fluentd/logger/FluentLogger.java?log-FluentLogger-String-Map<String.Object>-long?69,12420.0?src/main/java/org/fluentd/logger/sender/Sender.java?emit-Sender-String-long-Map<String.Object>,nodeCallMethod
12420.0?src/main/java/org/fluentd/logger/FluentLogger.java?log-FluentLogger-String-Map<String.Object>-long?72,12420.0?src/main/java/org/fluentd/logger/sender/Sender.java?emit-Sender-String-Map<String.Object>,nodeCallMethod
12420.0?src/main/java/org/fluentd/logger/FluentLogger.java?flush-FluentLogger-?6,12420.0?src/main/java/org/fluentd/logger/sender/Sender.java?flush-Sender-,nodeCallMethod
12420.0?src/main/java/org/fluentd/logger/FluentLogger.java?close-FluentLogger-?18,12420.0?src/main/java/org/fluentd/logger/sender/Sender.java?flush-Sender-,nodeCallMethod
12420.0?src/main/java/org/fluentd/logger/FluentLogger.java?close-FluentLogger-?21,12420.0?src/main/java/org/fluentd/logger/sender/Sender.java?close-Sender-,nodeCallMethod
12420.0?src/main/java/org/fluentd/logger/FluentLogger.java?close-FluentLogger-?30,12420.0?src/main/java/org/fluentd/logger/sender/Sender.java?flush-Sender-,nodeCallMethod
12420.0?src/main/java/org/fluentd/logger/FluentLogger.java?getName-FluentLogger-?12,12420.0?src/main/java/org/fluentd/logger/sender/Sender.java?getName-Sender-,nodeCallMethod
12420.0?src/main/java/org/fluentd/logger/FluentLogger.java?finalize-FluentLogger-?35,12420.0?src/main/java/org/fluentd/logger/sender/Sender.java?close-Sender-,nodeCallMethod
12420.0?src/main/java/org/fluentd/logger/FluentLogger.java?finalize-FluentLogger-?15,12420.0?src/main/java/org/fluentd/logger/sender/Sender.java?close-Sender-,nodeCallMethod
12420.0?src/main/java/org/fluentd/logger/FluentLogger.java?isConnected-FluentLogger-?10,12420.0?src/main/java/org/fluentd/logger/sender/Sender.java?isConnected-Sender-,nodeCallMethod
12420.0?src/main/java/org/fluentd/logger/FluentLogger.java?setErrorHandler-FluentLogger-ErrorHandler?30,12420.0?src/main/java/org/fluentd/logger/sender/Sender.java?setErrorHandler-Sender-ErrorHandler,nodeCallMethod
12420.0?src/main/java/org/fluentd/logger/FluentLogger.java?removeErrorHandler-FluentLogger-?15,12420.0?src/main/java/org/fluentd/logger/sender/Sender.java?removeErrorHandler-Sender-,nodeCallMethod
12420.0?src/main/java/org/fluentd/logger/FluentLoggerFactory.java?closeAll-FluentLoggerFactory-?17,12420.0?src/main/java/org/fluentd/logger/FluentLogger.java?close-FluentLogger-,nodeCallMethod
12420.0?src/main/java/org/fluentd/logger/FluentLoggerFactory.java?flushAll-FluentLoggerFactory-?16,12420.0?src/main/java/org/fluentd/logger/FluentLogger.java?flush-FluentLogger-,nodeCallMethod
12420.0?src/main/java/org/fluentd/logger/sender/RawSocketSender.java?flushBuffer-RawSocketSender-?1,12420.0?src/main/java/org/fluentd/logger/sender/Reconnector.java?enableReconnection-Reconnector-long,nodeCallMethod
12420.0?src/main/java/org/fluentd/logger/sender/RawSocketSender.java?send-RawSocketSender-byte[]?83,12420.0?src/main/java/org/fluentd/logger/sender/Reconnector.java?enableReconnection-Reconnector-long,nodeCallMethod
12420.0?src/main/java/org/fluentd/logger/sender/RawSocketSender.java?send-RawSocketSender-byte[]?70,12420.0?src/main/java/org/fluentd/logger/sender/Reconnector.java?enableReconnection-Reconnector-long,nodeCallMethod
12420.0?src/main/java/org/fluentd/logger/sender/RawSocketSender.java?flush-RawSocketSender-?38,12420.0?src/main/java/org/fluentd/logger/sender/Reconnector.java?clearErrorHistory-Reconnector-,nodeCallMethod
12420.0?src/main/java/org/fluentd/logger/sender/RawSocketSender.java?flush-RawSocketSender-?71,12420.0?src/main/java/org/fluentd/logger/sender/Reconnector.java?addErrorHistory-Reconnector-long,nodeCallMethod
12420.0?src/main/java/org/fluentd/logger/sender/RawSocketSender.java?flush-RawSocketSender-?46,12420.0?src/main/java/org/fluentd/logger/errorhandler/ErrorHandler.java?handleNetworkError-ErrorHandler-IOException,nodeCallMethod
12420.1?src/main/java/org/fluentd/logger/FluentLogger.java?getLogger-FluentLogger-String?12,12420.1?src/main/java/org/fluentd/logger/FluentLoggerFactory.java?getLogger-FluentLoggerFactory-String-String-int,nodeCallMethod
12420.1?src/main/java/org/fluentd/logger/FluentLogger.java?getLogger-FluentLogger-String-String-int?20,12420.1?src/main/java/org/fluentd/logger/FluentLoggerFactory.java?getLogger-FluentLoggerFactory-String-String-int-int-int,nodeCallMethod
12420.1?src/main/java/org/fluentd/logger/FluentLogger.java?getLogger-FluentLogger-String-String-int?59,12420.1?src/main/java/org/fluentd/logger/FluentLoggerFactory.java?getLogger-FluentLoggerFactory-String-String-int-int-int,nodeCallMethod
12420.1?src/main/java/org/fluentd/logger/FluentLogger.java?getLogger-FluentLogger-String-String-int-int-int?29,12420.1?src/main/java/org/fluentd/logger/FluentLoggerFactory.java?getLogger-FluentLoggerFactory-String-String-int-int-int,nodeCallMethod
12420.1?src/main/java/org/fluentd/logger/FluentLogger.java?getLogger-FluentLogger-String-String-int-int-int-Reconnector?33,12420.1?src/main/java/org/fluentd/logger/FluentLoggerFactory.java?getLogger-FluentLoggerFactory-String-String-int-int-int-Reconnector,nodeCallMethod
12420.1?src/main/java/org/fluentd/logger/FluentLogger.java?getLoggers-FluentLogger-?10,12420.1?src/main/java/org/fluentd/logger/FluentLoggerFactory.java?getLoggers-FluentLoggerFactory-,nodeCallMethod
12420.1?src/main/java/org/fluentd/logger/FluentLogger.java?closeAll-FluentLogger-?8,12420.1?src/main/java/org/fluentd/logger/FluentLoggerFactory.java?closeAll-FluentLoggerFactory-,nodeCallMethod
12420.1?src/main/java/org/fluentd/logger/FluentLogger.java?flushAll-FluentLogger-?8,12420.1?src/main/java/org/fluentd/logger/FluentLoggerFactory.java?flushAll-FluentLoggerFactory-,nodeCallMethod
12420.1?src/main/java/org/fluentd/logger/FluentLogger.java?log-FluentLogger-String-Map<String.Object>-long?69,12420.1?src/main/java/org/fluentd/logger/sender/Sender.java?emit-Sender-String-long-Map<String.Object>,nodeCallMethod
12420.1?src/main/java/org/fluentd/logger/FluentLogger.java?log-FluentLogger-String-Map<String.Object>-long?72,12420.1?src/main/java/org/fluentd/logger/sender/Sender.java?emit-Sender-String-Map<String.Object>,nodeCallMethod
12420.1?src/main/java/org/fluentd/logger/FluentLogger.java?flush-FluentLogger-?6,12420.1?src/main/java/org/fluentd/logger/sender/Sender.java?flush-Sender-,nodeCallMethod
12420.1?src/main/java/org/fluentd/logger/FluentLogger.java?close-FluentLogger-?19,12420.1?src/main/java/org/fluentd/logger/sender/Sender.java?flush-Sender-,nodeCallMethod
12420.1?src/main/java/org/fluentd/logger/FluentLogger.java?close-FluentLogger-?36,12420.1?src/main/java/org/fluentd/logger/sender/Sender.java?flush-Sender-,nodeCallMethod
12420.1?src/main/java/org/fluentd/logger/FluentLogger.java?close-FluentLogger-?22,12420.1?src/main/java/org/fluentd/logger/sender/Sender.java?close-Sender-,nodeCallMethod
12420.1?src/main/java/org/fluentd/logger/FluentLogger.java?close-FluentLogger-?27,12420.1?src/main/java/org/fluentd/logger/FluentLoggerFactory.java?purgeLogger-FluentLoggerFactory-FluentLogger,nodeCallMethod
12420.1?src/main/java/org/fluentd/logger/FluentLogger.java?getName-FluentLogger-?12,12420.1?src/main/java/org/fluentd/logger/sender/Sender.java?getName-Sender-,nodeCallMethod
12420.1?src/main/java/org/fluentd/logger/FluentLogger.java?finalize-FluentLogger-?1,12420.1?src/main/java/org/fluentd/logger/sender/Sender.java?close-Sender-,nodeCallMethod
12420.1?src/main/java/org/fluentd/logger/FluentLogger.java?finalize-FluentLogger-?36,12420.1?src/main/java/org/fluentd/logger/sender/Sender.java?close-Sender-,nodeCallMethod
12420.1?src/main/java/org/fluentd/logger/FluentLogger.java?finalize-FluentLogger-?15,12420.1?src/main/java/org/fluentd/logger/sender/Sender.java?close-Sender-,nodeCallMethod
12420.1?src/main/java/org/fluentd/logger/FluentLogger.java?isConnected-FluentLogger-?10,12420.1?src/main/java/org/fluentd/logger/sender/Sender.java?isConnected-Sender-,nodeCallMethod
12420.1?src/main/java/org/fluentd/logger/FluentLogger.java?setErrorHandler-FluentLogger-ErrorHandler?30,12420.1?src/main/java/org/fluentd/logger/sender/Sender.java?setErrorHandler-Sender-ErrorHandler,nodeCallMethod
12420.1?src/main/java/org/fluentd/logger/FluentLogger.java?removeErrorHandler-FluentLogger-?15,12420.1?src/main/java/org/fluentd/logger/sender/Sender.java?removeErrorHandler-Sender-,nodeCallMethod
12420.1?src/main/java/org/fluentd/logger/FluentLoggerFactory.java?closeAll-FluentLoggerFactory-?19,12420.1?src/main/java/org/fluentd/logger/FluentLogger.java?close-FluentLogger-,nodeCallMethod
12420.1?src/main/java/org/fluentd/logger/FluentLoggerFactory.java?flushAll-FluentLoggerFactory-?16,12420.1?src/main/java/org/fluentd/logger/FluentLogger.java?flush-FluentLogger-,nodeCallMethod
12420.1?src/main/java/org/fluentd/logger/sender/RawSocketSender.java?flushBuffer-RawSocketSender-?1,12420.1?src/main/java/org/fluentd/logger/sender/Reconnector.java?enableReconnection-Reconnector-long,nodeCallMethod
12420.1?src/main/java/org/fluentd/logger/sender/RawSocketSender.java?send-RawSocketSender-byte[]?83,12420.1?src/main/java/org/fluentd/logger/sender/Reconnector.java?enableReconnection-Reconnector-long,nodeCallMethod
12420.1?src/main/java/org/fluentd/logger/sender/RawSocketSender.java?send-RawSocketSender-byte[]?70,12420.1?src/main/java/org/fluentd/logger/sender/Reconnector.java?enableReconnection-Reconnector-long,nodeCallMethod
12420.1?src/main/java/org/fluentd/logger/sender/RawSocketSender.java?flush-RawSocketSender-?38,12420.1?src/main/java/org/fluentd/logger/sender/Reconnector.java?clearErrorHistory-Reconnector-,nodeCallMethod
12420.1?src/main/java/org/fluentd/logger/sender/RawSocketSender.java?flush-RawSocketSender-?71,12420.1?src/main/java/org/fluentd/logger/sender/Reconnector.java?addErrorHistory-Reconnector-long,nodeCallMethod
12420.1?src/main/java/org/fluentd/logger/sender/RawSocketSender.java?flush-RawSocketSender-?46,12420.1?src/main/java/org/fluentd/logger/errorhandler/ErrorHandler.java?handleNetworkError-ErrorHandler-IOException,nodeCallMethod
