12420.0?src/main/java/org/fluentd/logger/errorhandler/ErrorHandler.java?handleNetworkError-ErrorHandler-IOException,12420.0?src/main/java/org/fluentd/logger/errorhandler/ErrorHandler.java?handleNetworkError-ErrorHandler-IOException?0,hasNode
12420.0?src/main/java/org/fluentd/logger/FluentLogger.java?getLogger-FluentLogger-String,12420.0?src/main/java/org/fluentd/logger/FluentLogger.java?getLogger-FluentLogger-String?0,hasNode
12420.0?src/main/java/org/fluentd/logger/FluentLogger.java?getLogger-FluentLogger-String-String-int,12420.0?src/main/java/org/fluentd/logger/FluentLogger.java?getLogger-FluentLogger-String-String-int?0,hasNode
12420.0?src/main/java/org/fluentd/logger/FluentLogger.java?getLogger-FluentLogger-String-String-int-int-int,12420.0?src/main/java/org/fluentd/logger/FluentLogger.java?getLogger-FluentLogger-String-String-int-int-int?0,hasNode
12420.0?src/main/java/org/fluentd/logger/FluentLogger.java?getLogger-FluentLogger-String-String-int-int-int-Reconnector,12420.0?src/main/java/org/fluentd/logger/FluentLogger.java?getLogger-FluentLogger-String-String-int-int-int-Reconnector?0,hasNode
12420.0?src/main/java/org/fluentd/logger/FluentLogger.java?getLoggers-FluentLogger-,12420.0?src/main/java/org/fluentd/logger/FluentLogger.java?getLoggers-FluentLogger-?0,hasNode
12420.0?src/main/java/org/fluentd/logger/FluentLogger.java?closeAll-FluentLogger-,12420.0?src/main/java/org/fluentd/logger/FluentLogger.java?closeAll-FluentLogger-?0,hasNode
12420.0?src/main/java/org/fluentd/logger/FluentLogger.java?flushAll-FluentLogger-,12420.0?src/main/java/org/fluentd/logger/FluentLogger.java?flushAll-FluentLogger-?0,hasNode
12420.0?src/main/java/org/fluentd/logger/FluentLogger.java?log-FluentLogger-String-String-Object,12420.0?src/main/java/org/fluentd/logger/FluentLogger.java?log-FluentLogger-String-String-Object?0,hasNode
12420.0?src/main/java/org/fluentd/logger/FluentLogger.java?log-FluentLogger-String-String-Object-long,12420.0?src/main/java/org/fluentd/logger/FluentLogger.java?log-FluentLogger-String-String-Object-long?0,hasNode
12420.0?src/main/java/org/fluentd/logger/FluentLogger.java?log-FluentLogger-String-Map<String.Object>,12420.0?src/main/java/org/fluentd/logger/FluentLogger.java?log-FluentLogger-String-Map<String.Object>?0,hasNode
12420.0?src/main/java/org/fluentd/logger/FluentLogger.java?log-FluentLogger-String-Map<String.Object>-long,12420.0?src/main/java/org/fluentd/logger/FluentLogger.java?log-FluentLogger-String-Map<String.Object>-long?0,hasNode
12420.0?src/main/java/org/fluentd/logger/FluentLogger.java?flush-FluentLogger-,12420.0?src/main/java/org/fluentd/logger/FluentLogger.java?flush-FluentLogger-?0,hasNode
12420.0?src/main/java/org/fluentd/logger/FluentLogger.java?close-FluentLogger-,12420.0?src/main/java/org/fluentd/logger/FluentLogger.java?close-FluentLogger-?0,hasNode
12420.0?src/main/java/org/fluentd/logger/FluentLogger.java?getName-FluentLogger-,12420.0?src/main/java/org/fluentd/logger/FluentLogger.java?getName-FluentLogger-?0,hasNode
12420.0?src/main/java/org/fluentd/logger/FluentLogger.java?toString-FluentLogger-,12420.0?src/main/java/org/fluentd/logger/FluentLogger.java?toString-FluentLogger-?0,hasNode
12420.0?src/main/java/org/fluentd/logger/FluentLogger.java?finalize-FluentLogger-,12420.0?src/main/java/org/fluentd/logger/FluentLogger.java?finalize-FluentLogger-?0,hasNode
12420.0?src/main/java/org/fluentd/logger/FluentLogger.java?isConnected-FluentLogger-,12420.0?src/main/java/org/fluentd/logger/FluentLogger.java?isConnected-FluentLogger-?0,hasNode
12420.0?src/main/java/org/fluentd/logger/FluentLogger.java?setErrorHandler-FluentLogger-ErrorHandler,12420.0?src/main/java/org/fluentd/logger/FluentLogger.java?setErrorHandler-FluentLogger-ErrorHandler?0,hasNode
12420.0?src/main/java/org/fluentd/logger/FluentLogger.java?removeErrorHandler-FluentLogger-,12420.0?src/main/java/org/fluentd/logger/FluentLogger.java?removeErrorHandler-FluentLogger-?0,hasNode
12420.0?src/main/java/org/fluentd/logger/FluentLogger.java?getSender-FluentLogger-,12420.0?src/main/java/org/fluentd/logger/FluentLogger.java?getSender-FluentLogger-?0,hasNode
12420.0?src/main/java/org/fluentd/logger/FluentLoggerFactory.java?getLogger-FluentLoggerFactory-String,12420.0?src/main/java/org/fluentd/logger/FluentLoggerFactory.java?getLogger-FluentLoggerFactory-String?0,hasNode
12420.0?src/main/java/org/fluentd/logger/FluentLoggerFactory.java?getLogger-FluentLoggerFactory-String-String-int,12420.0?src/main/java/org/fluentd/logger/FluentLoggerFactory.java?getLogger-FluentLoggerFactory-String-String-int?0,hasNode
12420.0?src/main/java/org/fluentd/logger/FluentLoggerFactory.java?getLogger-FluentLoggerFactory-String-String-int-int-int,12420.0?src/main/java/org/fluentd/logger/FluentLoggerFactory.java?getLogger-FluentLoggerFactory-String-String-int-int-int?0,hasNode
12420.0?src/main/java/org/fluentd/logger/FluentLoggerFactory.java?getLogger-FluentLoggerFactory-String-String-int-int-int-Reconnector,12420.0?src/main/java/org/fluentd/logger/FluentLoggerFactory.java?getLogger-FluentLoggerFactory-String-String-int-int-int-Reconnector?0,hasNode
12420.0?src/main/java/org/fluentd/logger/FluentLoggerFactory.java?createSenderInstance-FluentLoggerFactory-String-Object[],12420.0?src/main/java/org/fluentd/logger/FluentLoggerFactory.java?createSenderInstance-FluentLoggerFactory-String-Object[]?0,hasNode
12420.0?src/main/java/org/fluentd/logger/FluentLoggerFactory.java?getLoggers-FluentLoggerFactory-,12420.0?src/main/java/org/fluentd/logger/FluentLoggerFactory.java?getLoggers-FluentLoggerFactory-?0,hasNode
12420.0?src/main/java/org/fluentd/logger/FluentLoggerFactory.java?closeAll-FluentLoggerFactory-,12420.0?src/main/java/org/fluentd/logger/FluentLoggerFactory.java?closeAll-FluentLoggerFactory-?0,hasNode
12420.0?src/main/java/org/fluentd/logger/FluentLoggerFactory.java?flushAll-FluentLoggerFactory-,12420.0?src/main/java/org/fluentd/logger/FluentLoggerFactory.java?flushAll-FluentLoggerFactory-?0,hasNode
12420.0?src/main/java/org/fluentd/logger/sender/ConstantDelayReconnector.java?addErrorHistory-ConstantDelayReconnector-long,12420.0?src/main/java/org/fluentd/logger/sender/ConstantDelayReconnector.java?addErrorHistory-ConstantDelayReconnector-long?0,hasNode
12420.0?src/main/java/org/fluentd/logger/sender/ConstantDelayReconnector.java?isErrorHistoryEmpty-ConstantDelayReconnector-,12420.0?src/main/java/org/fluentd/logger/sender/ConstantDelayReconnector.java?isErrorHistoryEmpty-ConstantDelayReconnector-?0,hasNode
12420.0?src/main/java/org/fluentd/logger/sender/ConstantDelayReconnector.java?clearErrorHistory-ConstantDelayReconnector-,12420.0?src/main/java/org/fluentd/logger/sender/ConstantDelayReconnector.java?clearErrorHistory-ConstantDelayReconnector-?0,hasNode
12420.0?src/main/java/org/fluentd/logger/sender/ConstantDelayReconnector.java?enableReconnection-ConstantDelayReconnector-long,12420.0?src/main/java/org/fluentd/logger/sender/ConstantDelayReconnector.java?enableReconnection-ConstantDelayReconnector-long?0,hasNode
12420.0?src/main/java/org/fluentd/logger/sender/Event.java?toString-Event-,12420.0?src/main/java/org/fluentd/logger/sender/Event.java?toString-Event-?0,hasNode
12420.0?src/main/java/org/fluentd/logger/sender/Event.java?write-Event.EventTemplate-Packer-Event-boolean,12420.0?src/main/java/org/fluentd/logger/sender/Event.java?write-Event.EventTemplate-Packer-Event-boolean?0,hasNode
12420.0?src/main/java/org/fluentd/logger/sender/Event.java?read-Event.EventTemplate-Unpacker-Event-boolean,12420.0?src/main/java/org/fluentd/logger/sender/Event.java?read-Event.EventTemplate-Unpacker-Event-boolean?0,hasNode
12420.0?src/main/java/org/fluentd/logger/sender/ExponentialDelayReconnector.java?getWaitMaxCount-ExponentialDelayReconnector-,12420.0?src/main/java/org/fluentd/logger/sender/ExponentialDelayReconnector.java?getWaitMaxCount-ExponentialDelayReconnector-?0,hasNode
12420.0?src/main/java/org/fluentd/logger/sender/ExponentialDelayReconnector.java?addErrorHistory-ExponentialDelayReconnector-long,12420.0?src/main/java/org/fluentd/logger/sender/ExponentialDelayReconnector.java?addErrorHistory-ExponentialDelayReconnector-long?0,hasNode
12420.0?src/main/java/org/fluentd/logger/sender/ExponentialDelayReconnector.java?isErrorHistoryEmpty-ExponentialDelayReconnector-,12420.0?src/main/java/org/fluentd/logger/sender/ExponentialDelayReconnector.java?isErrorHistoryEmpty-ExponentialDelayReconnector-?0,hasNode
12420.0?src/main/java/org/fluentd/logger/sender/ExponentialDelayReconnector.java?clearErrorHistory-ExponentialDelayReconnector-,12420.0?src/main/java/org/fluentd/logger/sender/ExponentialDelayReconnector.java?clearErrorHistory-ExponentialDelayReconnector-?0,hasNode
12420.0?src/main/java/org/fluentd/logger/sender/ExponentialDelayReconnector.java?enableReconnection-ExponentialDelayReconnector-long,12420.0?src/main/java/org/fluentd/logger/sender/ExponentialDelayReconnector.java?enableReconnection-ExponentialDelayReconnector-long?0,hasNode
12420.0?src/main/java/org/fluentd/logger/sender/NullSender.java?emit-NullSender-String-Map<String.Object>,12420.0?src/main/java/org/fluentd/logger/sender/NullSender.java?emit-NullSender-String-Map<String.Object>?0,hasNode
12420.0?src/main/java/org/fluentd/logger/sender/NullSender.java?emit-NullSender-String-long-Map<String.Object>,12420.0?src/main/java/org/fluentd/logger/sender/NullSender.java?emit-NullSender-String-long-Map<String.Object>?0,hasNode
12420.0?src/main/java/org/fluentd/logger/sender/NullSender.java?flush-NullSender-,12420.0?src/main/java/org/fluentd/logger/sender/NullSender.java?flush-NullSender-?0,hasNode
12420.0?src/main/java/org/fluentd/logger/sender/NullSender.java?close-NullSender-,12420.0?src/main/java/org/fluentd/logger/sender/NullSender.java?close-NullSender-?0,hasNode
12420.0?src/main/java/org/fluentd/logger/sender/NullSender.java?getName-NullSender-,12420.0?src/main/java/org/fluentd/logger/sender/NullSender.java?getName-NullSender-?0,hasNode
12420.0?src/main/java/org/fluentd/logger/sender/NullSender.java?toString-NullSender-,12420.0?src/main/java/org/fluentd/logger/sender/NullSender.java?toString-NullSender-?0,hasNode
12420.0?src/main/java/org/fluentd/logger/sender/NullSender.java?isConnected-NullSender-,12420.0?src/main/java/org/fluentd/logger/sender/NullSender.java?isConnected-NullSender-?0,hasNode
12420.0?src/main/java/org/fluentd/logger/sender/NullSender.java?setErrorHandler-NullSender-ErrorHandler,12420.0?src/main/java/org/fluentd/logger/sender/NullSender.java?setErrorHandler-NullSender-ErrorHandler?0,hasNode
12420.0?src/main/java/org/fluentd/logger/sender/NullSender.java?removeErrorHandler-NullSender-,12420.0?src/main/java/org/fluentd/logger/sender/NullSender.java?removeErrorHandler-NullSender-?0,hasNode
12420.0?src/main/java/org/fluentd/logger/sender/RawSocketSender.java?connect-RawSocketSender-,12420.0?src/main/java/org/fluentd/logger/sender/RawSocketSender.java?connect-RawSocketSender-?0,hasNode
12420.0?src/main/java/org/fluentd/logger/sender/RawSocketSender.java?reconnect-RawSocketSender-,12420.0?src/main/java/org/fluentd/logger/sender/RawSocketSender.java?reconnect-RawSocketSender-?0,hasNode
12420.0?src/main/java/org/fluentd/logger/sender/RawSocketSender.java?close-RawSocketSender-,12420.0?src/main/java/org/fluentd/logger/sender/RawSocketSender.java?close-RawSocketSender-?0,hasNode
12420.0?src/main/java/org/fluentd/logger/sender/RawSocketSender.java?emit-RawSocketSender-String-Map<String.Object>,12420.0?src/main/java/org/fluentd/logger/sender/RawSocketSender.java?emit-RawSocketSender-String-Map<String.Object>?0,hasNode
12420.0?src/main/java/org/fluentd/logger/sender/RawSocketSender.java?emit-RawSocketSender-String-long-Map<String.Object>,12420.0?src/main/java/org/fluentd/logger/sender/RawSocketSender.java?emit-RawSocketSender-String-long-Map<String.Object>?0,hasNode
12420.0?src/main/java/org/fluentd/logger/sender/RawSocketSender.java?emit-RawSocketSender-Event,12420.0?src/main/java/org/fluentd/logger/sender/RawSocketSender.java?emit-RawSocketSender-Event?0,hasNode
12420.0?src/main/java/org/fluentd/logger/sender/RawSocketSender.java?flushBuffer-RawSocketSender-,12420.0?src/main/java/org/fluentd/logger/sender/RawSocketSender.java?flushBuffer-RawSocketSender-?0,hasNode
12420.0?src/main/java/org/fluentd/logger/sender/RawSocketSender.java?send-RawSocketSender-byte[],12420.0?src/main/java/org/fluentd/logger/sender/RawSocketSender.java?send-RawSocketSender-byte[]?0,hasNode
12420.0?src/main/java/org/fluentd/logger/sender/RawSocketSender.java?flush-RawSocketSender-,12420.0?src/main/java/org/fluentd/logger/sender/RawSocketSender.java?flush-RawSocketSender-?0,hasNode
12420.0?src/main/java/org/fluentd/logger/sender/RawSocketSender.java?getBuffer-RawSocketSender-,12420.0?src/main/java/org/fluentd/logger/sender/RawSocketSender.java?getBuffer-RawSocketSender-?0,hasNode
12420.0?src/main/java/org/fluentd/logger/sender/RawSocketSender.java?clearBuffer-RawSocketSender-,12420.0?src/main/java/org/fluentd/logger/sender/RawSocketSender.java?clearBuffer-RawSocketSender-?0,hasNode
12420.0?src/main/java/org/fluentd/logger/sender/RawSocketSender.java?getName-RawSocketSender-,12420.0?src/main/java/org/fluentd/logger/sender/RawSocketSender.java?getName-RawSocketSender-?0,hasNode
12420.0?src/main/java/org/fluentd/logger/sender/RawSocketSender.java?toString-RawSocketSender-,12420.0?src/main/java/org/fluentd/logger/sender/RawSocketSender.java?toString-RawSocketSender-?0,hasNode
12420.0?src/main/java/org/fluentd/logger/sender/RawSocketSender.java?isConnected-RawSocketSender-,12420.0?src/main/java/org/fluentd/logger/sender/RawSocketSender.java?isConnected-RawSocketSender-?0,hasNode
12420.0?src/main/java/org/fluentd/logger/sender/RawSocketSender.java?setErrorHandler-RawSocketSender-ErrorHandler,12420.0?src/main/java/org/fluentd/logger/sender/RawSocketSender.java?setErrorHandler-RawSocketSender-ErrorHandler?0,hasNode
12420.0?src/main/java/org/fluentd/logger/sender/RawSocketSender.java?removeErrorHandler-RawSocketSender-,12420.0?src/main/java/org/fluentd/logger/sender/RawSocketSender.java?removeErrorHandler-RawSocketSender-?0,hasNode
12420.0?src/main/java/org/fluentd/logger/sender/Reconnector.java?clearErrorHistory-Reconnector-,12420.0?src/main/java/org/fluentd/logger/sender/Reconnector.java?clearErrorHistory-Reconnector-?0,hasNode
12420.0?src/main/java/org/fluentd/logger/sender/Reconnector.java?addErrorHistory-Reconnector-long,12420.0?src/main/java/org/fluentd/logger/sender/Reconnector.java?addErrorHistory-Reconnector-long?0,hasNode
12420.0?src/main/java/org/fluentd/logger/sender/Reconnector.java?isErrorHistoryEmpty-Reconnector-,12420.0?src/main/java/org/fluentd/logger/sender/Reconnector.java?isErrorHistoryEmpty-Reconnector-?0,hasNode
12420.0?src/main/java/org/fluentd/logger/sender/Reconnector.java?enableReconnection-Reconnector-long,12420.0?src/main/java/org/fluentd/logger/sender/Reconnector.java?enableReconnection-Reconnector-long?0,hasNode
12420.0?src/main/java/org/fluentd/logger/sender/Sender.java?emit-Sender-String-Map<String.Object>,12420.0?src/main/java/org/fluentd/logger/sender/Sender.java?emit-Sender-String-Map<String.Object>?0,hasNode
12420.0?src/main/java/org/fluentd/logger/sender/Sender.java?emit-Sender-String-long-Map<String.Object>,12420.0?src/main/java/org/fluentd/logger/sender/Sender.java?emit-Sender-String-long-Map<String.Object>?0,hasNode
12420.0?src/main/java/org/fluentd/logger/sender/Sender.java?flush-Sender-,12420.0?src/main/java/org/fluentd/logger/sender/Sender.java?flush-Sender-?0,hasNode
12420.0?src/main/java/org/fluentd/logger/sender/Sender.java?close-Sender-,12420.0?src/main/java/org/fluentd/logger/sender/Sender.java?close-Sender-?0,hasNode
12420.0?src/main/java/org/fluentd/logger/sender/Sender.java?getName-Sender-,12420.0?src/main/java/org/fluentd/logger/sender/Sender.java?getName-Sender-?0,hasNode
12420.0?src/main/java/org/fluentd/logger/sender/Sender.java?isConnected-Sender-,12420.0?src/main/java/org/fluentd/logger/sender/Sender.java?isConnected-Sender-?0,hasNode
12420.0?src/main/java/org/fluentd/logger/sender/Sender.java?setErrorHandler-Sender-ErrorHandler,12420.0?src/main/java/org/fluentd/logger/sender/Sender.java?setErrorHandler-Sender-ErrorHandler?0,hasNode
12420.0?src/main/java/org/fluentd/logger/sender/Sender.java?removeErrorHandler-Sender-,12420.0?src/main/java/org/fluentd/logger/sender/Sender.java?removeErrorHandler-Sender-?0,hasNode
12420.1?src/main/java/org/fluentd/logger/errorhandler/ErrorHandler.java?handleNetworkError-ErrorHandler-IOException,12420.1?src/main/java/org/fluentd/logger/errorhandler/ErrorHandler.java?handleNetworkError-ErrorHandler-IOException?0,hasNode
12420.1?src/main/java/org/fluentd/logger/FluentLogger.java?getLogger-FluentLogger-String,12420.1?src/main/java/org/fluentd/logger/FluentLogger.java?getLogger-FluentLogger-String?0,hasNode
12420.1?src/main/java/org/fluentd/logger/FluentLogger.java?getLogger-FluentLogger-String-String-int,12420.1?src/main/java/org/fluentd/logger/FluentLogger.java?getLogger-FluentLogger-String-String-int?0,hasNode
12420.1?src/main/java/org/fluentd/logger/FluentLogger.java?getLogger-FluentLogger-String-String-int-int-int,12420.1?src/main/java/org/fluentd/logger/FluentLogger.java?getLogger-FluentLogger-String-String-int-int-int?0,hasNode
12420.1?src/main/java/org/fluentd/logger/FluentLogger.java?getLogger-FluentLogger-String-String-int-int-int-Reconnector,12420.1?src/main/java/org/fluentd/logger/FluentLogger.java?getLogger-FluentLogger-String-String-int-int-int-Reconnector?0,hasNode
12420.1?src/main/java/org/fluentd/logger/FluentLogger.java?getLoggers-FluentLogger-,12420.1?src/main/java/org/fluentd/logger/FluentLogger.java?getLoggers-FluentLogger-?0,hasNode
12420.1?src/main/java/org/fluentd/logger/FluentLogger.java?closeAll-FluentLogger-,12420.1?src/main/java/org/fluentd/logger/FluentLogger.java?closeAll-FluentLogger-?0,hasNode
12420.1?src/main/java/org/fluentd/logger/FluentLogger.java?flushAll-FluentLogger-,12420.1?src/main/java/org/fluentd/logger/FluentLogger.java?flushAll-FluentLogger-?0,hasNode
12420.1?src/main/java/org/fluentd/logger/FluentLogger.java?log-FluentLogger-String-String-Object,12420.1?src/main/java/org/fluentd/logger/FluentLogger.java?log-FluentLogger-String-String-Object?0,hasNode
12420.1?src/main/java/org/fluentd/logger/FluentLogger.java?log-FluentLogger-String-String-Object-long,12420.1?src/main/java/org/fluentd/logger/FluentLogger.java?log-FluentLogger-String-String-Object-long?0,hasNode
12420.1?src/main/java/org/fluentd/logger/FluentLogger.java?log-FluentLogger-String-Map<String.Object>,12420.1?src/main/java/org/fluentd/logger/FluentLogger.java?log-FluentLogger-String-Map<String.Object>?0,hasNode
12420.1?src/main/java/org/fluentd/logger/FluentLogger.java?log-FluentLogger-String-Map<String.Object>-long,12420.1?src/main/java/org/fluentd/logger/FluentLogger.java?log-FluentLogger-String-Map<String.Object>-long?0,hasNode
12420.1?src/main/java/org/fluentd/logger/FluentLogger.java?flush-FluentLogger-,12420.1?src/main/java/org/fluentd/logger/FluentLogger.java?flush-FluentLogger-?0,hasNode
12420.1?src/main/java/org/fluentd/logger/FluentLogger.java?close-FluentLogger-,12420.1?src/main/java/org/fluentd/logger/FluentLogger.java?close-FluentLogger-?0,hasNode
12420.1?src/main/java/org/fluentd/logger/FluentLogger.java?getName-FluentLogger-,12420.1?src/main/java/org/fluentd/logger/FluentLogger.java?getName-FluentLogger-?0,hasNode
12420.1?src/main/java/org/fluentd/logger/FluentLogger.java?toString-FluentLogger-,12420.1?src/main/java/org/fluentd/logger/FluentLogger.java?toString-FluentLogger-?0,hasNode
12420.1?src/main/java/org/fluentd/logger/FluentLogger.java?finalize-FluentLogger-,12420.1?src/main/java/org/fluentd/logger/FluentLogger.java?finalize-FluentLogger-?0,hasNode
12420.1?src/main/java/org/fluentd/logger/FluentLogger.java?isConnected-FluentLogger-,12420.1?src/main/java/org/fluentd/logger/FluentLogger.java?isConnected-FluentLogger-?0,hasNode
12420.1?src/main/java/org/fluentd/logger/FluentLogger.java?setErrorHandler-FluentLogger-ErrorHandler,12420.1?src/main/java/org/fluentd/logger/FluentLogger.java?setErrorHandler-FluentLogger-ErrorHandler?0,hasNode
12420.1?src/main/java/org/fluentd/logger/FluentLogger.java?removeErrorHandler-FluentLogger-,12420.1?src/main/java/org/fluentd/logger/FluentLogger.java?removeErrorHandler-FluentLogger-?0,hasNode
12420.1?src/main/java/org/fluentd/logger/FluentLogger.java?getSender-FluentLogger-,12420.1?src/main/java/org/fluentd/logger/FluentLogger.java?getSender-FluentLogger-?0,hasNode
12420.1?src/main/java/org/fluentd/logger/FluentLoggerFactory.java?getLogger-FluentLoggerFactory-String,12420.1?src/main/java/org/fluentd/logger/FluentLoggerFactory.java?getLogger-FluentLoggerFactory-String?0,hasNode
12420.1?src/main/java/org/fluentd/logger/FluentLoggerFactory.java?getLogger-FluentLoggerFactory-String-String-int,12420.1?src/main/java/org/fluentd/logger/FluentLoggerFactory.java?getLogger-FluentLoggerFactory-String-String-int?0,hasNode
12420.1?src/main/java/org/fluentd/logger/FluentLoggerFactory.java?getLogger-FluentLoggerFactory-String-String-int-int-int,12420.1?src/main/java/org/fluentd/logger/FluentLoggerFactory.java?getLogger-FluentLoggerFactory-String-String-int-int-int?0,hasNode
12420.1?src/main/java/org/fluentd/logger/FluentLoggerFactory.java?getLogger-FluentLoggerFactory-String-String-int-int-int-Reconnector,12420.1?src/main/java/org/fluentd/logger/FluentLoggerFactory.java?getLogger-FluentLoggerFactory-String-String-int-int-int-Reconnector?0,hasNode
12420.1?src/main/java/org/fluentd/logger/FluentLoggerFactory.java?purgeLogger-FluentLoggerFactory-FluentLogger,12420.1?src/main/java/org/fluentd/logger/FluentLoggerFactory.java?purgeLogger-FluentLoggerFactory-FluentLogger?0,hasNode
12420.1?src/main/java/org/fluentd/logger/FluentLoggerFactory.java?createSenderInstance-FluentLoggerFactory-String-Object[],12420.1?src/main/java/org/fluentd/logger/FluentLoggerFactory.java?createSenderInstance-FluentLoggerFactory-String-Object[]?0,hasNode
12420.1?src/main/java/org/fluentd/logger/FluentLoggerFactory.java?getLoggers-FluentLoggerFactory-,12420.1?src/main/java/org/fluentd/logger/FluentLoggerFactory.java?getLoggers-FluentLoggerFactory-?0,hasNode
12420.1?src/main/java/org/fluentd/logger/FluentLoggerFactory.java?closeAll-FluentLoggerFactory-,12420.1?src/main/java/org/fluentd/logger/FluentLoggerFactory.java?closeAll-FluentLoggerFactory-?0,hasNode
12420.1?src/main/java/org/fluentd/logger/FluentLoggerFactory.java?flushAll-FluentLoggerFactory-,12420.1?src/main/java/org/fluentd/logger/FluentLoggerFactory.java?flushAll-FluentLoggerFactory-?0,hasNode
12420.1?src/main/java/org/fluentd/logger/sender/ConstantDelayReconnector.java?addErrorHistory-ConstantDelayReconnector-long,12420.1?src/main/java/org/fluentd/logger/sender/ConstantDelayReconnector.java?addErrorHistory-ConstantDelayReconnector-long?0,hasNode
12420.1?src/main/java/org/fluentd/logger/sender/ConstantDelayReconnector.java?isErrorHistoryEmpty-ConstantDelayReconnector-,12420.1?src/main/java/org/fluentd/logger/sender/ConstantDelayReconnector.java?isErrorHistoryEmpty-ConstantDelayReconnector-?0,hasNode
12420.1?src/main/java/org/fluentd/logger/sender/ConstantDelayReconnector.java?clearErrorHistory-ConstantDelayReconnector-,12420.1?src/main/java/org/fluentd/logger/sender/ConstantDelayReconnector.java?clearErrorHistory-ConstantDelayReconnector-?0,hasNode
12420.1?src/main/java/org/fluentd/logger/sender/ConstantDelayReconnector.java?enableReconnection-ConstantDelayReconnector-long,12420.1?src/main/java/org/fluentd/logger/sender/ConstantDelayReconnector.java?enableReconnection-ConstantDelayReconnector-long?0,hasNode
12420.1?src/main/java/org/fluentd/logger/sender/Event.java?toString-Event-,12420.1?src/main/java/org/fluentd/logger/sender/Event.java?toString-Event-?0,hasNode
12420.1?src/main/java/org/fluentd/logger/sender/Event.java?write-Event.EventTemplate-Packer-Event-boolean,12420.1?src/main/java/org/fluentd/logger/sender/Event.java?write-Event.EventTemplate-Packer-Event-boolean?0,hasNode
12420.1?src/main/java/org/fluentd/logger/sender/Event.java?read-Event.EventTemplate-Unpacker-Event-boolean,12420.1?src/main/java/org/fluentd/logger/sender/Event.java?read-Event.EventTemplate-Unpacker-Event-boolean?0,hasNode
12420.1?src/main/java/org/fluentd/logger/sender/ExponentialDelayReconnector.java?getWaitMaxCount-ExponentialDelayReconnector-,12420.1?src/main/java/org/fluentd/logger/sender/ExponentialDelayReconnector.java?getWaitMaxCount-ExponentialDelayReconnector-?0,hasNode
12420.1?src/main/java/org/fluentd/logger/sender/ExponentialDelayReconnector.java?addErrorHistory-ExponentialDelayReconnector-long,12420.1?src/main/java/org/fluentd/logger/sender/ExponentialDelayReconnector.java?addErrorHistory-ExponentialDelayReconnector-long?0,hasNode
12420.1?src/main/java/org/fluentd/logger/sender/ExponentialDelayReconnector.java?isErrorHistoryEmpty-ExponentialDelayReconnector-,12420.1?src/main/java/org/fluentd/logger/sender/ExponentialDelayReconnector.java?isErrorHistoryEmpty-ExponentialDelayReconnector-?0,hasNode
12420.1?src/main/java/org/fluentd/logger/sender/ExponentialDelayReconnector.java?clearErrorHistory-ExponentialDelayReconnector-,12420.1?src/main/java/org/fluentd/logger/sender/ExponentialDelayReconnector.java?clearErrorHistory-ExponentialDelayReconnector-?0,hasNode
12420.1?src/main/java/org/fluentd/logger/sender/ExponentialDelayReconnector.java?enableReconnection-ExponentialDelayReconnector-long,12420.1?src/main/java/org/fluentd/logger/sender/ExponentialDelayReconnector.java?enableReconnection-ExponentialDelayReconnector-long?0,hasNode
12420.1?src/main/java/org/fluentd/logger/sender/NullSender.java?emit-NullSender-String-Map<String.Object>,12420.1?src/main/java/org/fluentd/logger/sender/NullSender.java?emit-NullSender-String-Map<String.Object>?0,hasNode
12420.1?src/main/java/org/fluentd/logger/sender/NullSender.java?emit-NullSender-String-long-Map<String.Object>,12420.1?src/main/java/org/fluentd/logger/sender/NullSender.java?emit-NullSender-String-long-Map<String.Object>?0,hasNode
12420.1?src/main/java/org/fluentd/logger/sender/NullSender.java?flush-NullSender-,12420.1?src/main/java/org/fluentd/logger/sender/NullSender.java?flush-NullSender-?0,hasNode
12420.1?src/main/java/org/fluentd/logger/sender/NullSender.java?close-NullSender-,12420.1?src/main/java/org/fluentd/logger/sender/NullSender.java?close-NullSender-?0,hasNode
12420.1?src/main/java/org/fluentd/logger/sender/NullSender.java?getName-NullSender-,12420.1?src/main/java/org/fluentd/logger/sender/NullSender.java?getName-NullSender-?0,hasNode
12420.1?src/main/java/org/fluentd/logger/sender/NullSender.java?toString-NullSender-,12420.1?src/main/java/org/fluentd/logger/sender/NullSender.java?toString-NullSender-?0,hasNode
12420.1?src/main/java/org/fluentd/logger/sender/NullSender.java?isConnected-NullSender-,12420.1?src/main/java/org/fluentd/logger/sender/NullSender.java?isConnected-NullSender-?0,hasNode
12420.1?src/main/java/org/fluentd/logger/sender/NullSender.java?setErrorHandler-NullSender-ErrorHandler,12420.1?src/main/java/org/fluentd/logger/sender/NullSender.java?setErrorHandler-NullSender-ErrorHandler?0,hasNode
12420.1?src/main/java/org/fluentd/logger/sender/NullSender.java?removeErrorHandler-NullSender-,12420.1?src/main/java/org/fluentd/logger/sender/NullSender.java?removeErrorHandler-NullSender-?0,hasNode
12420.1?src/main/java/org/fluentd/logger/sender/RawSocketSender.java?connect-RawSocketSender-,12420.1?src/main/java/org/fluentd/logger/sender/RawSocketSender.java?connect-RawSocketSender-?0,hasNode
12420.1?src/main/java/org/fluentd/logger/sender/RawSocketSender.java?reconnect-RawSocketSender-,12420.1?src/main/java/org/fluentd/logger/sender/RawSocketSender.java?reconnect-RawSocketSender-?0,hasNode
12420.1?src/main/java/org/fluentd/logger/sender/RawSocketSender.java?close-RawSocketSender-,12420.1?src/main/java/org/fluentd/logger/sender/RawSocketSender.java?close-RawSocketSender-?0,hasNode
12420.1?src/main/java/org/fluentd/logger/sender/RawSocketSender.java?emit-RawSocketSender-String-Map<String.Object>,12420.1?src/main/java/org/fluentd/logger/sender/RawSocketSender.java?emit-RawSocketSender-String-Map<String.Object>?0,hasNode
12420.1?src/main/java/org/fluentd/logger/sender/RawSocketSender.java?emit-RawSocketSender-String-long-Map<String.Object>,12420.1?src/main/java/org/fluentd/logger/sender/RawSocketSender.java?emit-RawSocketSender-String-long-Map<String.Object>?0,hasNode
12420.1?src/main/java/org/fluentd/logger/sender/RawSocketSender.java?emit-RawSocketSender-Event,12420.1?src/main/java/org/fluentd/logger/sender/RawSocketSender.java?emit-RawSocketSender-Event?0,hasNode
12420.1?src/main/java/org/fluentd/logger/sender/RawSocketSender.java?flushBuffer-RawSocketSender-,12420.1?src/main/java/org/fluentd/logger/sender/RawSocketSender.java?flushBuffer-RawSocketSender-?0,hasNode
12420.1?src/main/java/org/fluentd/logger/sender/RawSocketSender.java?send-RawSocketSender-byte[],12420.1?src/main/java/org/fluentd/logger/sender/RawSocketSender.java?send-RawSocketSender-byte[]?0,hasNode
12420.1?src/main/java/org/fluentd/logger/sender/RawSocketSender.java?flush-RawSocketSender-,12420.1?src/main/java/org/fluentd/logger/sender/RawSocketSender.java?flush-RawSocketSender-?0,hasNode
12420.1?src/main/java/org/fluentd/logger/sender/RawSocketSender.java?getBuffer-RawSocketSender-,12420.1?src/main/java/org/fluentd/logger/sender/RawSocketSender.java?getBuffer-RawSocketSender-?0,hasNode
12420.1?src/main/java/org/fluentd/logger/sender/RawSocketSender.java?clearBuffer-RawSocketSender-,12420.1?src/main/java/org/fluentd/logger/sender/RawSocketSender.java?clearBuffer-RawSocketSender-?0,hasNode
12420.1?src/main/java/org/fluentd/logger/sender/RawSocketSender.java?getName-RawSocketSender-,12420.1?src/main/java/org/fluentd/logger/sender/RawSocketSender.java?getName-RawSocketSender-?0,hasNode
12420.1?src/main/java/org/fluentd/logger/sender/RawSocketSender.java?toString-RawSocketSender-,12420.1?src/main/java/org/fluentd/logger/sender/RawSocketSender.java?toString-RawSocketSender-?0,hasNode
12420.1?src/main/java/org/fluentd/logger/sender/RawSocketSender.java?isConnected-RawSocketSender-,12420.1?src/main/java/org/fluentd/logger/sender/RawSocketSender.java?isConnected-RawSocketSender-?0,hasNode
12420.1?src/main/java/org/fluentd/logger/sender/RawSocketSender.java?setErrorHandler-RawSocketSender-ErrorHandler,12420.1?src/main/java/org/fluentd/logger/sender/RawSocketSender.java?setErrorHandler-RawSocketSender-ErrorHandler?0,hasNode
12420.1?src/main/java/org/fluentd/logger/sender/RawSocketSender.java?removeErrorHandler-RawSocketSender-,12420.1?src/main/java/org/fluentd/logger/sender/RawSocketSender.java?removeErrorHandler-RawSocketSender-?0,hasNode
12420.1?src/main/java/org/fluentd/logger/sender/Reconnector.java?clearErrorHistory-Reconnector-,12420.1?src/main/java/org/fluentd/logger/sender/Reconnector.java?clearErrorHistory-Reconnector-?0,hasNode
12420.1?src/main/java/org/fluentd/logger/sender/Reconnector.java?addErrorHistory-Reconnector-long,12420.1?src/main/java/org/fluentd/logger/sender/Reconnector.java?addErrorHistory-Reconnector-long?0,hasNode
12420.1?src/main/java/org/fluentd/logger/sender/Reconnector.java?isErrorHistoryEmpty-Reconnector-,12420.1?src/main/java/org/fluentd/logger/sender/Reconnector.java?isErrorHistoryEmpty-Reconnector-?0,hasNode
12420.1?src/main/java/org/fluentd/logger/sender/Reconnector.java?enableReconnection-Reconnector-long,12420.1?src/main/java/org/fluentd/logger/sender/Reconnector.java?enableReconnection-Reconnector-long?0,hasNode
12420.1?src/main/java/org/fluentd/logger/sender/Sender.java?emit-Sender-String-Map<String.Object>,12420.1?src/main/java/org/fluentd/logger/sender/Sender.java?emit-Sender-String-Map<String.Object>?0,hasNode
12420.1?src/main/java/org/fluentd/logger/sender/Sender.java?emit-Sender-String-long-Map<String.Object>,12420.1?src/main/java/org/fluentd/logger/sender/Sender.java?emit-Sender-String-long-Map<String.Object>?0,hasNode
12420.1?src/main/java/org/fluentd/logger/sender/Sender.java?flush-Sender-,12420.1?src/main/java/org/fluentd/logger/sender/Sender.java?flush-Sender-?0,hasNode
12420.1?src/main/java/org/fluentd/logger/sender/Sender.java?close-Sender-,12420.1?src/main/java/org/fluentd/logger/sender/Sender.java?close-Sender-?0,hasNode
12420.1?src/main/java/org/fluentd/logger/sender/Sender.java?getName-Sender-,12420.1?src/main/java/org/fluentd/logger/sender/Sender.java?getName-Sender-?0,hasNode
12420.1?src/main/java/org/fluentd/logger/sender/Sender.java?isConnected-Sender-,12420.1?src/main/java/org/fluentd/logger/sender/Sender.java?isConnected-Sender-?0,hasNode
12420.1?src/main/java/org/fluentd/logger/sender/Sender.java?setErrorHandler-Sender-ErrorHandler,12420.1?src/main/java/org/fluentd/logger/sender/Sender.java?setErrorHandler-Sender-ErrorHandler?0,hasNode
12420.1?src/main/java/org/fluentd/logger/sender/Sender.java?removeErrorHandler-Sender-,12420.1?src/main/java/org/fluentd/logger/sender/Sender.java?removeErrorHandler-Sender-?0,hasNode
