12420.0?src/main/java/org/fluentd/logger/errorhandler/ErrorHandler.java,12420.0?src/main/java/org/fluentd/logger/errorhandler/ErrorHandler.java?handleNetworkError-ErrorHandler-IOException,hasMethod
12420.0?src/main/java/org/fluentd/logger/FluentLogger.java,12420.0?src/main/java/org/fluentd/logger/FluentLogger.java?getLogger-FluentLogger-String,hasMethod
12420.0?src/main/java/org/fluentd/logger/FluentLogger.java,12420.0?src/main/java/org/fluentd/logger/FluentLogger.java?getLogger-FluentLogger-String-String-int,hasMethod
12420.0?src/main/java/org/fluentd/logger/FluentLogger.java,12420.0?src/main/java/org/fluentd/logger/FluentLogger.java?getLogger-FluentLogger-String-String-int-int-int,hasMethod
12420.0?src/main/java/org/fluentd/logger/FluentLogger.java,12420.0?src/main/java/org/fluentd/logger/FluentLogger.java?getLogger-FluentLogger-String-String-int-int-int-Reconnector,hasMethod
12420.0?src/main/java/org/fluentd/logger/FluentLogger.java,12420.0?src/main/java/org/fluentd/logger/FluentLogger.java?getLoggers-FluentLogger-,hasMethod
12420.0?src/main/java/org/fluentd/logger/FluentLogger.java,12420.0?src/main/java/org/fluentd/logger/FluentLogger.java?closeAll-FluentLogger-,hasMethod
12420.0?src/main/java/org/fluentd/logger/FluentLogger.java,12420.0?src/main/java/org/fluentd/logger/FluentLogger.java?flushAll-FluentLogger-,hasMethod
12420.0?src/main/java/org/fluentd/logger/FluentLogger.java,12420.0?src/main/java/org/fluentd/logger/FluentLogger.java?log-FluentLogger-String-String-Object,hasMethod
12420.0?src/main/java/org/fluentd/logger/FluentLogger.java,12420.0?src/main/java/org/fluentd/logger/FluentLogger.java?log-FluentLogger-String-String-Object-long,hasMethod
12420.0?src/main/java/org/fluentd/logger/FluentLogger.java,12420.0?src/main/java/org/fluentd/logger/FluentLogger.java?log-FluentLogger-String-Map<String.Object>,hasMethod
12420.0?src/main/java/org/fluentd/logger/FluentLogger.java,12420.0?src/main/java/org/fluentd/logger/FluentLogger.java?log-FluentLogger-String-Map<String.Object>-long,hasMethod
12420.0?src/main/java/org/fluentd/logger/FluentLogger.java,12420.0?src/main/java/org/fluentd/logger/FluentLogger.java?flush-FluentLogger-,hasMethod
12420.0?src/main/java/org/fluentd/logger/FluentLogger.java,12420.0?src/main/java/org/fluentd/logger/FluentLogger.java?close-FluentLogger-,hasMethod
12420.0?src/main/java/org/fluentd/logger/FluentLogger.java,12420.0?src/main/java/org/fluentd/logger/FluentLogger.java?getName-FluentLogger-,hasMethod
12420.0?src/main/java/org/fluentd/logger/FluentLogger.java,12420.0?src/main/java/org/fluentd/logger/FluentLogger.java?toString-FluentLogger-,hasMethod
12420.0?src/main/java/org/fluentd/logger/FluentLogger.java,12420.0?src/main/java/org/fluentd/logger/FluentLogger.java?finalize-FluentLogger-,hasMethod
12420.0?src/main/java/org/fluentd/logger/FluentLogger.java,12420.0?src/main/java/org/fluentd/logger/FluentLogger.java?isConnected-FluentLogger-,hasMethod
12420.0?src/main/java/org/fluentd/logger/FluentLogger.java,12420.0?src/main/java/org/fluentd/logger/FluentLogger.java?setErrorHandler-FluentLogger-ErrorHandler,hasMethod
12420.0?src/main/java/org/fluentd/logger/FluentLogger.java,12420.0?src/main/java/org/fluentd/logger/FluentLogger.java?removeErrorHandler-FluentLogger-,hasMethod
12420.0?src/main/java/org/fluentd/logger/FluentLogger.java,12420.0?src/main/java/org/fluentd/logger/FluentLogger.java?getSender-FluentLogger-,hasMethod
12420.0?src/main/java/org/fluentd/logger/FluentLoggerFactory.java,12420.0?src/main/java/org/fluentd/logger/FluentLoggerFactory.java?getLogger-FluentLoggerFactory-String,hasMethod
12420.0?src/main/java/org/fluentd/logger/FluentLoggerFactory.java,12420.0?src/main/java/org/fluentd/logger/FluentLoggerFactory.java?getLogger-FluentLoggerFactory-String-String-int,hasMethod
12420.0?src/main/java/org/fluentd/logger/FluentLoggerFactory.java,12420.0?src/main/java/org/fluentd/logger/FluentLoggerFactory.java?getLogger-FluentLoggerFactory-String-String-int-int-int,hasMethod
12420.0?src/main/java/org/fluentd/logger/FluentLoggerFactory.java,12420.0?src/main/java/org/fluentd/logger/FluentLoggerFactory.java?getLogger-FluentLoggerFactory-String-String-int-int-int-Reconnector,hasMethod
12420.0?src/main/java/org/fluentd/logger/FluentLoggerFactory.java,12420.0?src/main/java/org/fluentd/logger/FluentLoggerFactory.java?createSenderInstance-FluentLoggerFactory-String-Object[],hasMethod
12420.0?src/main/java/org/fluentd/logger/FluentLoggerFactory.java,12420.0?src/main/java/org/fluentd/logger/FluentLoggerFactory.java?getLoggers-FluentLoggerFactory-,hasMethod
12420.0?src/main/java/org/fluentd/logger/FluentLoggerFactory.java,12420.0?src/main/java/org/fluentd/logger/FluentLoggerFactory.java?closeAll-FluentLoggerFactory-,hasMethod
12420.0?src/main/java/org/fluentd/logger/FluentLoggerFactory.java,12420.0?src/main/java/org/fluentd/logger/FluentLoggerFactory.java?flushAll-FluentLoggerFactory-,hasMethod
12420.0?src/main/java/org/fluentd/logger/sender/ConstantDelayReconnector.java,12420.0?src/main/java/org/fluentd/logger/sender/ConstantDelayReconnector.java?addErrorHistory-ConstantDelayReconnector-long,hasMethod
12420.0?src/main/java/org/fluentd/logger/sender/ConstantDelayReconnector.java,12420.0?src/main/java/org/fluentd/logger/sender/ConstantDelayReconnector.java?isErrorHistoryEmpty-ConstantDelayReconnector-,hasMethod
12420.0?src/main/java/org/fluentd/logger/sender/ConstantDelayReconnector.java,12420.0?src/main/java/org/fluentd/logger/sender/ConstantDelayReconnector.java?clearErrorHistory-ConstantDelayReconnector-,hasMethod
12420.0?src/main/java/org/fluentd/logger/sender/ConstantDelayReconnector.java,12420.0?src/main/java/org/fluentd/logger/sender/ConstantDelayReconnector.java?enableReconnection-ConstantDelayReconnector-long,hasMethod
12420.0?src/main/java/org/fluentd/logger/sender/Event.java,12420.0?src/main/java/org/fluentd/logger/sender/Event.java?toString-Event-,hasMethod
12420.0?src/main/java/org/fluentd/logger/sender/Event.java,12420.0?src/main/java/org/fluentd/logger/sender/Event.java?write-Event.EventTemplate-Packer-Event-boolean,hasMethod
12420.0?src/main/java/org/fluentd/logger/sender/Event.java,12420.0?src/main/java/org/fluentd/logger/sender/Event.java?read-Event.EventTemplate-Unpacker-Event-boolean,hasMethod
12420.0?src/main/java/org/fluentd/logger/sender/ExponentialDelayReconnector.java,12420.0?src/main/java/org/fluentd/logger/sender/ExponentialDelayReconnector.java?getWaitMaxCount-ExponentialDelayReconnector-,hasMethod
12420.0?src/main/java/org/fluentd/logger/sender/ExponentialDelayReconnector.java,12420.0?src/main/java/org/fluentd/logger/sender/ExponentialDelayReconnector.java?addErrorHistory-ExponentialDelayReconnector-long,hasMethod
12420.0?src/main/java/org/fluentd/logger/sender/ExponentialDelayReconnector.java,12420.0?src/main/java/org/fluentd/logger/sender/ExponentialDelayReconnector.java?isErrorHistoryEmpty-ExponentialDelayReconnector-,hasMethod
12420.0?src/main/java/org/fluentd/logger/sender/ExponentialDelayReconnector.java,12420.0?src/main/java/org/fluentd/logger/sender/ExponentialDelayReconnector.java?clearErrorHistory-ExponentialDelayReconnector-,hasMethod
12420.0?src/main/java/org/fluentd/logger/sender/ExponentialDelayReconnector.java,12420.0?src/main/java/org/fluentd/logger/sender/ExponentialDelayReconnector.java?enableReconnection-ExponentialDelayReconnector-long,hasMethod
12420.0?src/main/java/org/fluentd/logger/sender/NullSender.java,12420.0?src/main/java/org/fluentd/logger/sender/NullSender.java?emit-NullSender-String-Map<String.Object>,hasMethod
12420.0?src/main/java/org/fluentd/logger/sender/NullSender.java,12420.0?src/main/java/org/fluentd/logger/sender/NullSender.java?emit-NullSender-String-long-Map<String.Object>,hasMethod
12420.0?src/main/java/org/fluentd/logger/sender/NullSender.java,12420.0?src/main/java/org/fluentd/logger/sender/NullSender.java?flush-NullSender-,hasMethod
12420.0?src/main/java/org/fluentd/logger/sender/NullSender.java,12420.0?src/main/java/org/fluentd/logger/sender/NullSender.java?close-NullSender-,hasMethod
12420.0?src/main/java/org/fluentd/logger/sender/NullSender.java,12420.0?src/main/java/org/fluentd/logger/sender/NullSender.java?getName-NullSender-,hasMethod
12420.0?src/main/java/org/fluentd/logger/sender/NullSender.java,12420.0?src/main/java/org/fluentd/logger/sender/NullSender.java?toString-NullSender-,hasMethod
12420.0?src/main/java/org/fluentd/logger/sender/NullSender.java,12420.0?src/main/java/org/fluentd/logger/sender/NullSender.java?isConnected-NullSender-,hasMethod
12420.0?src/main/java/org/fluentd/logger/sender/NullSender.java,12420.0?src/main/java/org/fluentd/logger/sender/NullSender.java?setErrorHandler-NullSender-ErrorHandler,hasMethod
12420.0?src/main/java/org/fluentd/logger/sender/NullSender.java,12420.0?src/main/java/org/fluentd/logger/sender/NullSender.java?removeErrorHandler-NullSender-,hasMethod
12420.0?src/main/java/org/fluentd/logger/sender/RawSocketSender.java,12420.0?src/main/java/org/fluentd/logger/sender/RawSocketSender.java?connect-RawSocketSender-,hasMethod
12420.0?src/main/java/org/fluentd/logger/sender/RawSocketSender.java,12420.0?src/main/java/org/fluentd/logger/sender/RawSocketSender.java?reconnect-RawSocketSender-,hasMethod
12420.0?src/main/java/org/fluentd/logger/sender/RawSocketSender.java,12420.0?src/main/java/org/fluentd/logger/sender/RawSocketSender.java?close-RawSocketSender-,hasMethod
12420.0?src/main/java/org/fluentd/logger/sender/RawSocketSender.java,12420.0?src/main/java/org/fluentd/logger/sender/RawSocketSender.java?emit-RawSocketSender-String-Map<String.Object>,hasMethod
12420.0?src/main/java/org/fluentd/logger/sender/RawSocketSender.java,12420.0?src/main/java/org/fluentd/logger/sender/RawSocketSender.java?emit-RawSocketSender-String-long-Map<String.Object>,hasMethod
12420.0?src/main/java/org/fluentd/logger/sender/RawSocketSender.java,12420.0?src/main/java/org/fluentd/logger/sender/RawSocketSender.java?emit-RawSocketSender-Event,hasMethod
12420.0?src/main/java/org/fluentd/logger/sender/RawSocketSender.java,12420.0?src/main/java/org/fluentd/logger/sender/RawSocketSender.java?flushBuffer-RawSocketSender-,hasMethod
12420.0?src/main/java/org/fluentd/logger/sender/RawSocketSender.java,12420.0?src/main/java/org/fluentd/logger/sender/RawSocketSender.java?send-RawSocketSender-byte[],hasMethod
12420.0?src/main/java/org/fluentd/logger/sender/RawSocketSender.java,12420.0?src/main/java/org/fluentd/logger/sender/RawSocketSender.java?flush-RawSocketSender-,hasMethod
12420.0?src/main/java/org/fluentd/logger/sender/RawSocketSender.java,12420.0?src/main/java/org/fluentd/logger/sender/RawSocketSender.java?getBuffer-RawSocketSender-,hasMethod
12420.0?src/main/java/org/fluentd/logger/sender/RawSocketSender.java,12420.0?src/main/java/org/fluentd/logger/sender/RawSocketSender.java?clearBuffer-RawSocketSender-,hasMethod
12420.0?src/main/java/org/fluentd/logger/sender/RawSocketSender.java,12420.0?src/main/java/org/fluentd/logger/sender/RawSocketSender.java?getName-RawSocketSender-,hasMethod
12420.0?src/main/java/org/fluentd/logger/sender/RawSocketSender.java,12420.0?src/main/java/org/fluentd/logger/sender/RawSocketSender.java?toString-RawSocketSender-,hasMethod
12420.0?src/main/java/org/fluentd/logger/sender/RawSocketSender.java,12420.0?src/main/java/org/fluentd/logger/sender/RawSocketSender.java?isConnected-RawSocketSender-,hasMethod
12420.0?src/main/java/org/fluentd/logger/sender/RawSocketSender.java,12420.0?src/main/java/org/fluentd/logger/sender/RawSocketSender.java?setErrorHandler-RawSocketSender-ErrorHandler,hasMethod
12420.0?src/main/java/org/fluentd/logger/sender/RawSocketSender.java,12420.0?src/main/java/org/fluentd/logger/sender/RawSocketSender.java?removeErrorHandler-RawSocketSender-,hasMethod
12420.0?src/main/java/org/fluentd/logger/sender/Reconnector.java,12420.0?src/main/java/org/fluentd/logger/sender/Reconnector.java?clearErrorHistory-Reconnector-,hasMethod
12420.0?src/main/java/org/fluentd/logger/sender/Reconnector.java,12420.0?src/main/java/org/fluentd/logger/sender/Reconnector.java?addErrorHistory-Reconnector-long,hasMethod
12420.0?src/main/java/org/fluentd/logger/sender/Reconnector.java,12420.0?src/main/java/org/fluentd/logger/sender/Reconnector.java?isErrorHistoryEmpty-Reconnector-,hasMethod
12420.0?src/main/java/org/fluentd/logger/sender/Reconnector.java,12420.0?src/main/java/org/fluentd/logger/sender/Reconnector.java?enableReconnection-Reconnector-long,hasMethod
12420.0?src/main/java/org/fluentd/logger/sender/Sender.java,12420.0?src/main/java/org/fluentd/logger/sender/Sender.java?emit-Sender-String-Map<String.Object>,hasMethod
12420.0?src/main/java/org/fluentd/logger/sender/Sender.java,12420.0?src/main/java/org/fluentd/logger/sender/Sender.java?emit-Sender-String-long-Map<String.Object>,hasMethod
12420.0?src/main/java/org/fluentd/logger/sender/Sender.java,12420.0?src/main/java/org/fluentd/logger/sender/Sender.java?flush-Sender-,hasMethod
12420.0?src/main/java/org/fluentd/logger/sender/Sender.java,12420.0?src/main/java/org/fluentd/logger/sender/Sender.java?close-Sender-,hasMethod
12420.0?src/main/java/org/fluentd/logger/sender/Sender.java,12420.0?src/main/java/org/fluentd/logger/sender/Sender.java?getName-Sender-,hasMethod
12420.0?src/main/java/org/fluentd/logger/sender/Sender.java,12420.0?src/main/java/org/fluentd/logger/sender/Sender.java?isConnected-Sender-,hasMethod
12420.0?src/main/java/org/fluentd/logger/sender/Sender.java,12420.0?src/main/java/org/fluentd/logger/sender/Sender.java?setErrorHandler-Sender-ErrorHandler,hasMethod
12420.0?src/main/java/org/fluentd/logger/sender/Sender.java,12420.0?src/main/java/org/fluentd/logger/sender/Sender.java?removeErrorHandler-Sender-,hasMethod
12420.1?src/main/java/org/fluentd/logger/errorhandler/ErrorHandler.java,12420.1?src/main/java/org/fluentd/logger/errorhandler/ErrorHandler.java?handleNetworkError-ErrorHandler-IOException,hasMethod
12420.1?src/main/java/org/fluentd/logger/FluentLogger.java,12420.1?src/main/java/org/fluentd/logger/FluentLogger.java?getLogger-FluentLogger-String,hasMethod
12420.1?src/main/java/org/fluentd/logger/FluentLogger.java,12420.1?src/main/java/org/fluentd/logger/FluentLogger.java?getLogger-FluentLogger-String-String-int,hasMethod
12420.1?src/main/java/org/fluentd/logger/FluentLogger.java,12420.1?src/main/java/org/fluentd/logger/FluentLogger.java?getLogger-FluentLogger-String-String-int-int-int,hasMethod
12420.1?src/main/java/org/fluentd/logger/FluentLogger.java,12420.1?src/main/java/org/fluentd/logger/FluentLogger.java?getLogger-FluentLogger-String-String-int-int-int-Reconnector,hasMethod
12420.1?src/main/java/org/fluentd/logger/FluentLogger.java,12420.1?src/main/java/org/fluentd/logger/FluentLogger.java?getLoggers-FluentLogger-,hasMethod
12420.1?src/main/java/org/fluentd/logger/FluentLogger.java,12420.1?src/main/java/org/fluentd/logger/FluentLogger.java?closeAll-FluentLogger-,hasMethod
12420.1?src/main/java/org/fluentd/logger/FluentLogger.java,12420.1?src/main/java/org/fluentd/logger/FluentLogger.java?flushAll-FluentLogger-,hasMethod
12420.1?src/main/java/org/fluentd/logger/FluentLogger.java,12420.1?src/main/java/org/fluentd/logger/FluentLogger.java?log-FluentLogger-String-String-Object,hasMethod
12420.1?src/main/java/org/fluentd/logger/FluentLogger.java,12420.1?src/main/java/org/fluentd/logger/FluentLogger.java?log-FluentLogger-String-String-Object-long,hasMethod
12420.1?src/main/java/org/fluentd/logger/FluentLogger.java,12420.1?src/main/java/org/fluentd/logger/FluentLogger.java?log-FluentLogger-String-Map<String.Object>,hasMethod
12420.1?src/main/java/org/fluentd/logger/FluentLogger.java,12420.1?src/main/java/org/fluentd/logger/FluentLogger.java?log-FluentLogger-String-Map<String.Object>-long,hasMethod
12420.1?src/main/java/org/fluentd/logger/FluentLogger.java,12420.1?src/main/java/org/fluentd/logger/FluentLogger.java?flush-FluentLogger-,hasMethod
12420.1?src/main/java/org/fluentd/logger/FluentLogger.java,12420.1?src/main/java/org/fluentd/logger/FluentLogger.java?close-FluentLogger-,hasMethod
12420.1?src/main/java/org/fluentd/logger/FluentLogger.java,12420.1?src/main/java/org/fluentd/logger/FluentLogger.java?getName-FluentLogger-,hasMethod
12420.1?src/main/java/org/fluentd/logger/FluentLogger.java,12420.1?src/main/java/org/fluentd/logger/FluentLogger.java?toString-FluentLogger-,hasMethod
12420.1?src/main/java/org/fluentd/logger/FluentLogger.java,12420.1?src/main/java/org/fluentd/logger/FluentLogger.java?finalize-FluentLogger-,hasMethod
12420.1?src/main/java/org/fluentd/logger/FluentLogger.java,12420.1?src/main/java/org/fluentd/logger/FluentLogger.java?isConnected-FluentLogger-,hasMethod
12420.1?src/main/java/org/fluentd/logger/FluentLogger.java,12420.1?src/main/java/org/fluentd/logger/FluentLogger.java?setErrorHandler-FluentLogger-ErrorHandler,hasMethod
12420.1?src/main/java/org/fluentd/logger/FluentLogger.java,12420.1?src/main/java/org/fluentd/logger/FluentLogger.java?removeErrorHandler-FluentLogger-,hasMethod
12420.1?src/main/java/org/fluentd/logger/FluentLogger.java,12420.1?src/main/java/org/fluentd/logger/FluentLogger.java?getSender-FluentLogger-,hasMethod
12420.1?src/main/java/org/fluentd/logger/FluentLoggerFactory.java,12420.1?src/main/java/org/fluentd/logger/FluentLoggerFactory.java?getLogger-FluentLoggerFactory-String,hasMethod
12420.1?src/main/java/org/fluentd/logger/FluentLoggerFactory.java,12420.1?src/main/java/org/fluentd/logger/FluentLoggerFactory.java?getLogger-FluentLoggerFactory-String-String-int,hasMethod
12420.1?src/main/java/org/fluentd/logger/FluentLoggerFactory.java,12420.1?src/main/java/org/fluentd/logger/FluentLoggerFactory.java?getLogger-FluentLoggerFactory-String-String-int-int-int,hasMethod
12420.1?src/main/java/org/fluentd/logger/FluentLoggerFactory.java,12420.1?src/main/java/org/fluentd/logger/FluentLoggerFactory.java?getLogger-FluentLoggerFactory-String-String-int-int-int-Reconnector,hasMethod
12420.1?src/main/java/org/fluentd/logger/FluentLoggerFactory.java,12420.1?src/main/java/org/fluentd/logger/FluentLoggerFactory.java?purgeLogger-FluentLoggerFactory-FluentLogger,hasMethod
12420.1?src/main/java/org/fluentd/logger/FluentLoggerFactory.java,12420.1?src/main/java/org/fluentd/logger/FluentLoggerFactory.java?createSenderInstance-FluentLoggerFactory-String-Object[],hasMethod
12420.1?src/main/java/org/fluentd/logger/FluentLoggerFactory.java,12420.1?src/main/java/org/fluentd/logger/FluentLoggerFactory.java?getLoggers-FluentLoggerFactory-,hasMethod
12420.1?src/main/java/org/fluentd/logger/FluentLoggerFactory.java,12420.1?src/main/java/org/fluentd/logger/FluentLoggerFactory.java?closeAll-FluentLoggerFactory-,hasMethod
12420.1?src/main/java/org/fluentd/logger/FluentLoggerFactory.java,12420.1?src/main/java/org/fluentd/logger/FluentLoggerFactory.java?flushAll-FluentLoggerFactory-,hasMethod
12420.1?src/main/java/org/fluentd/logger/sender/ConstantDelayReconnector.java,12420.1?src/main/java/org/fluentd/logger/sender/ConstantDelayReconnector.java?addErrorHistory-ConstantDelayReconnector-long,hasMethod
12420.1?src/main/java/org/fluentd/logger/sender/ConstantDelayReconnector.java,12420.1?src/main/java/org/fluentd/logger/sender/ConstantDelayReconnector.java?isErrorHistoryEmpty-ConstantDelayReconnector-,hasMethod
12420.1?src/main/java/org/fluentd/logger/sender/ConstantDelayReconnector.java,12420.1?src/main/java/org/fluentd/logger/sender/ConstantDelayReconnector.java?clearErrorHistory-ConstantDelayReconnector-,hasMethod
12420.1?src/main/java/org/fluentd/logger/sender/ConstantDelayReconnector.java,12420.1?src/main/java/org/fluentd/logger/sender/ConstantDelayReconnector.java?enableReconnection-ConstantDelayReconnector-long,hasMethod
12420.1?src/main/java/org/fluentd/logger/sender/Event.java,12420.1?src/main/java/org/fluentd/logger/sender/Event.java?toString-Event-,hasMethod
12420.1?src/main/java/org/fluentd/logger/sender/Event.java,12420.1?src/main/java/org/fluentd/logger/sender/Event.java?write-Event.EventTemplate-Packer-Event-boolean,hasMethod
12420.1?src/main/java/org/fluentd/logger/sender/Event.java,12420.1?src/main/java/org/fluentd/logger/sender/Event.java?read-Event.EventTemplate-Unpacker-Event-boolean,hasMethod
12420.1?src/main/java/org/fluentd/logger/sender/ExponentialDelayReconnector.java,12420.1?src/main/java/org/fluentd/logger/sender/ExponentialDelayReconnector.java?getWaitMaxCount-ExponentialDelayReconnector-,hasMethod
12420.1?src/main/java/org/fluentd/logger/sender/ExponentialDelayReconnector.java,12420.1?src/main/java/org/fluentd/logger/sender/ExponentialDelayReconnector.java?addErrorHistory-ExponentialDelayReconnector-long,hasMethod
12420.1?src/main/java/org/fluentd/logger/sender/ExponentialDelayReconnector.java,12420.1?src/main/java/org/fluentd/logger/sender/ExponentialDelayReconnector.java?isErrorHistoryEmpty-ExponentialDelayReconnector-,hasMethod
12420.1?src/main/java/org/fluentd/logger/sender/ExponentialDelayReconnector.java,12420.1?src/main/java/org/fluentd/logger/sender/ExponentialDelayReconnector.java?clearErrorHistory-ExponentialDelayReconnector-,hasMethod
12420.1?src/main/java/org/fluentd/logger/sender/ExponentialDelayReconnector.java,12420.1?src/main/java/org/fluentd/logger/sender/ExponentialDelayReconnector.java?enableReconnection-ExponentialDelayReconnector-long,hasMethod
12420.1?src/main/java/org/fluentd/logger/sender/NullSender.java,12420.1?src/main/java/org/fluentd/logger/sender/NullSender.java?emit-NullSender-String-Map<String.Object>,hasMethod
12420.1?src/main/java/org/fluentd/logger/sender/NullSender.java,12420.1?src/main/java/org/fluentd/logger/sender/NullSender.java?emit-NullSender-String-long-Map<String.Object>,hasMethod
12420.1?src/main/java/org/fluentd/logger/sender/NullSender.java,12420.1?src/main/java/org/fluentd/logger/sender/NullSender.java?flush-NullSender-,hasMethod
12420.1?src/main/java/org/fluentd/logger/sender/NullSender.java,12420.1?src/main/java/org/fluentd/logger/sender/NullSender.java?close-NullSender-,hasMethod
12420.1?src/main/java/org/fluentd/logger/sender/NullSender.java,12420.1?src/main/java/org/fluentd/logger/sender/NullSender.java?getName-NullSender-,hasMethod
12420.1?src/main/java/org/fluentd/logger/sender/NullSender.java,12420.1?src/main/java/org/fluentd/logger/sender/NullSender.java?toString-NullSender-,hasMethod
12420.1?src/main/java/org/fluentd/logger/sender/NullSender.java,12420.1?src/main/java/org/fluentd/logger/sender/NullSender.java?isConnected-NullSender-,hasMethod
12420.1?src/main/java/org/fluentd/logger/sender/NullSender.java,12420.1?src/main/java/org/fluentd/logger/sender/NullSender.java?setErrorHandler-NullSender-ErrorHandler,hasMethod
12420.1?src/main/java/org/fluentd/logger/sender/NullSender.java,12420.1?src/main/java/org/fluentd/logger/sender/NullSender.java?removeErrorHandler-NullSender-,hasMethod
12420.1?src/main/java/org/fluentd/logger/sender/RawSocketSender.java,12420.1?src/main/java/org/fluentd/logger/sender/RawSocketSender.java?connect-RawSocketSender-,hasMethod
12420.1?src/main/java/org/fluentd/logger/sender/RawSocketSender.java,12420.1?src/main/java/org/fluentd/logger/sender/RawSocketSender.java?reconnect-RawSocketSender-,hasMethod
12420.1?src/main/java/org/fluentd/logger/sender/RawSocketSender.java,12420.1?src/main/java/org/fluentd/logger/sender/RawSocketSender.java?close-RawSocketSender-,hasMethod
12420.1?src/main/java/org/fluentd/logger/sender/RawSocketSender.java,12420.1?src/main/java/org/fluentd/logger/sender/RawSocketSender.java?emit-RawSocketSender-String-Map<String.Object>,hasMethod
12420.1?src/main/java/org/fluentd/logger/sender/RawSocketSender.java,12420.1?src/main/java/org/fluentd/logger/sender/RawSocketSender.java?emit-RawSocketSender-String-long-Map<String.Object>,hasMethod
12420.1?src/main/java/org/fluentd/logger/sender/RawSocketSender.java,12420.1?src/main/java/org/fluentd/logger/sender/RawSocketSender.java?emit-RawSocketSender-Event,hasMethod
12420.1?src/main/java/org/fluentd/logger/sender/RawSocketSender.java,12420.1?src/main/java/org/fluentd/logger/sender/RawSocketSender.java?flushBuffer-RawSocketSender-,hasMethod
12420.1?src/main/java/org/fluentd/logger/sender/RawSocketSender.java,12420.1?src/main/java/org/fluentd/logger/sender/RawSocketSender.java?send-RawSocketSender-byte[],hasMethod
12420.1?src/main/java/org/fluentd/logger/sender/RawSocketSender.java,12420.1?src/main/java/org/fluentd/logger/sender/RawSocketSender.java?flush-RawSocketSender-,hasMethod
12420.1?src/main/java/org/fluentd/logger/sender/RawSocketSender.java,12420.1?src/main/java/org/fluentd/logger/sender/RawSocketSender.java?getBuffer-RawSocketSender-,hasMethod
12420.1?src/main/java/org/fluentd/logger/sender/RawSocketSender.java,12420.1?src/main/java/org/fluentd/logger/sender/RawSocketSender.java?clearBuffer-RawSocketSender-,hasMethod
12420.1?src/main/java/org/fluentd/logger/sender/RawSocketSender.java,12420.1?src/main/java/org/fluentd/logger/sender/RawSocketSender.java?getName-RawSocketSender-,hasMethod
12420.1?src/main/java/org/fluentd/logger/sender/RawSocketSender.java,12420.1?src/main/java/org/fluentd/logger/sender/RawSocketSender.java?toString-RawSocketSender-,hasMethod
12420.1?src/main/java/org/fluentd/logger/sender/RawSocketSender.java,12420.1?src/main/java/org/fluentd/logger/sender/RawSocketSender.java?isConnected-RawSocketSender-,hasMethod
12420.1?src/main/java/org/fluentd/logger/sender/RawSocketSender.java,12420.1?src/main/java/org/fluentd/logger/sender/RawSocketSender.java?setErrorHandler-RawSocketSender-ErrorHandler,hasMethod
12420.1?src/main/java/org/fluentd/logger/sender/RawSocketSender.java,12420.1?src/main/java/org/fluentd/logger/sender/RawSocketSender.java?removeErrorHandler-RawSocketSender-,hasMethod
12420.1?src/main/java/org/fluentd/logger/sender/Reconnector.java,12420.1?src/main/java/org/fluentd/logger/sender/Reconnector.java?clearErrorHistory-Reconnector-,hasMethod
12420.1?src/main/java/org/fluentd/logger/sender/Reconnector.java,12420.1?src/main/java/org/fluentd/logger/sender/Reconnector.java?addErrorHistory-Reconnector-long,hasMethod
12420.1?src/main/java/org/fluentd/logger/sender/Reconnector.java,12420.1?src/main/java/org/fluentd/logger/sender/Reconnector.java?isErrorHistoryEmpty-Reconnector-,hasMethod
12420.1?src/main/java/org/fluentd/logger/sender/Reconnector.java,12420.1?src/main/java/org/fluentd/logger/sender/Reconnector.java?enableReconnection-Reconnector-long,hasMethod
12420.1?src/main/java/org/fluentd/logger/sender/Sender.java,12420.1?src/main/java/org/fluentd/logger/sender/Sender.java?emit-Sender-String-Map<String.Object>,hasMethod
12420.1?src/main/java/org/fluentd/logger/sender/Sender.java,12420.1?src/main/java/org/fluentd/logger/sender/Sender.java?emit-Sender-String-long-Map<String.Object>,hasMethod
12420.1?src/main/java/org/fluentd/logger/sender/Sender.java,12420.1?src/main/java/org/fluentd/logger/sender/Sender.java?flush-Sender-,hasMethod
12420.1?src/main/java/org/fluentd/logger/sender/Sender.java,12420.1?src/main/java/org/fluentd/logger/sender/Sender.java?close-Sender-,hasMethod
12420.1?src/main/java/org/fluentd/logger/sender/Sender.java,12420.1?src/main/java/org/fluentd/logger/sender/Sender.java?getName-Sender-,hasMethod
12420.1?src/main/java/org/fluentd/logger/sender/Sender.java,12420.1?src/main/java/org/fluentd/logger/sender/Sender.java?isConnected-Sender-,hasMethod
12420.1?src/main/java/org/fluentd/logger/sender/Sender.java,12420.1?src/main/java/org/fluentd/logger/sender/Sender.java?setErrorHandler-Sender-ErrorHandler,hasMethod
12420.1?src/main/java/org/fluentd/logger/sender/Sender.java,12420.1?src/main/java/org/fluentd/logger/sender/Sender.java?removeErrorHandler-Sender-,hasMethod
