0.9.22?android-demo/src/androidTest/java/com/example/myapplication/ExampleInstrumentedTest.java,0.9.22
0.9.22?android-demo/src/main/java/com/example/myapplication/DemoCodegenConfig.java,0.9.22
0.9.22?android-demo/src/main/java/com/example/myapplication/MainActivity.java,0.9.22
0.9.22?android-demo/src/main/java/com/example/myapplication/User.java,0.9.22
0.9.22?android-demo/src/main/java/jsoniter_codegen/cfg1173796797/decoder/com/example/myapplication/User.java,0.9.22
0.9.22?android-demo/src/main/java/jsoniter_codegen/cfg1173796797/decoder/int_array.java,0.9.22
0.9.22?android-demo/src/main/java/jsoniter_codegen/cfg1173796797/decoder/java/util/List_com/example/myapplication/User.java,0.9.22
0.9.22?android-demo/src/main/java/jsoniter_codegen/cfg1173796797/decoder/java/util/List_java/lang/Integer.java,0.9.22
0.9.22?android-demo/src/main/java/jsoniter_codegen/cfg1173796797/decoder/java/util/Map_java/lang/String_java/lang/Object.java,0.9.22
0.9.22?android-demo/src/main/java/jsoniter_codegen/cfg1173796797/encoder/com/example/myapplication/User.java,0.9.22
0.9.22?android-demo/src/main/java/jsoniter_codegen/cfg1173796797/encoder/int_array.java,0.9.22
0.9.22?android-demo/src/main/java/jsoniter_codegen/cfg1173796797/encoder/java/util/List_com/example/myapplication/User.java,0.9.22
0.9.22?android-demo/src/main/java/jsoniter_codegen/cfg1173796797/encoder/java/util/List_java/lang/Integer.java,0.9.22
0.9.22?android-demo/src/main/java/jsoniter_codegen/cfg1173796797/encoder/java/util/Map_java/lang/String_java/lang/Object.java,0.9.22
0.9.22?demo/src/main/java/com/jsoniter/demo/Demo.java,0.9.22
0.9.22?demo/src/main/java/com/jsoniter/demo/DemoCodegenConfig.java,0.9.22
0.9.22?demo/src/main/java/com/jsoniter/demo/User.java,0.9.22
0.9.22?demo/src/main/java/jsoniter_codegen/cfg1173796797/decoder/com/jsoniter/demo/User.java,0.9.22
0.9.22?demo/src/main/java/jsoniter_codegen/cfg1173796797/decoder/int_array.java,0.9.22
0.9.22?demo/src/main/java/jsoniter_codegen/cfg1173796797/decoder/java/util/List_com/jsoniter/demo/User.java,0.9.22
0.9.22?demo/src/main/java/jsoniter_codegen/cfg1173796797/decoder/java/util/List_java/lang/Integer.java,0.9.22
0.9.22?demo/src/main/java/jsoniter_codegen/cfg1173796797/decoder/java/util/Map_java/lang/String_java/lang/Object.java,0.9.22
0.9.22?demo/src/main/java/jsoniter_codegen/cfg1173796797/encoder/com/jsoniter/demo/User.java,0.9.22
0.9.22?demo/src/main/java/jsoniter_codegen/cfg1173796797/encoder/int_array.java,0.9.22
0.9.22?demo/src/main/java/jsoniter_codegen/cfg1173796797/encoder/java/util/List_com/jsoniter/demo/User.java,0.9.22
0.9.22?demo/src/main/java/jsoniter_codegen/cfg1173796797/encoder/java/util/List_java/lang/Integer.java,0.9.22
0.9.22?demo/src/main/java/jsoniter_codegen/cfg1173796797/encoder/java/util/Map_java/lang/String_java/lang/Object.java,0.9.22
0.9.22?src/main/java/com/jsoniter/annotation/JsonCreator.java,0.9.22
0.9.22?src/main/java/com/jsoniter/annotation/JsonExtraProperties.java,0.9.22
0.9.22?src/main/java/com/jsoniter/annotation/JsonIgnore.java,0.9.22
0.9.22?src/main/java/com/jsoniter/annotation/JsonMissingProperties.java,0.9.22
0.9.22?src/main/java/com/jsoniter/annotation/JsonObject.java,0.9.22
0.9.22?src/main/java/com/jsoniter/annotation/JsonProperty.java,0.9.22
0.9.22?src/main/java/com/jsoniter/annotation/JsonUnwrapper.java,0.9.22
0.9.22?src/main/java/com/jsoniter/annotation/JsonWrapper.java,0.9.22
0.9.22?src/main/java/com/jsoniter/annotation/JsonWrapperType.java,0.9.22
0.9.22?src/main/java/com/jsoniter/any/Any.java,0.9.22
0.9.22?src/main/java/com/jsoniter/any/ArrayAny.java,0.9.22
0.9.22?src/main/java/com/jsoniter/any/ArrayLazyAny.java,0.9.22
0.9.22?src/main/java/com/jsoniter/any/ArrayWrapperAny.java,0.9.22
0.9.22?src/main/java/com/jsoniter/any/DoubleAny.java,0.9.22
0.9.22?src/main/java/com/jsoniter/any/DoubleLazyAny.java,0.9.22
0.9.22?src/main/java/com/jsoniter/any/FalseAny.java,0.9.22
0.9.22?src/main/java/com/jsoniter/any/FloatAny.java,0.9.22
0.9.22?src/main/java/com/jsoniter/any/IntAny.java,0.9.22
0.9.22?src/main/java/com/jsoniter/any/LazyAny.java,0.9.22
0.9.22?src/main/java/com/jsoniter/any/ListWrapperAny.java,0.9.22
0.9.22?src/main/java/com/jsoniter/any/LongAny.java,0.9.22
0.9.22?src/main/java/com/jsoniter/any/LongLazyAny.java,0.9.22
0.9.22?src/main/java/com/jsoniter/any/MapWrapperAny.java,0.9.22
0.9.22?src/main/java/com/jsoniter/any/NotFoundAny.java,0.9.22
0.9.22?src/main/java/com/jsoniter/any/NullAny.java,0.9.22
0.9.22?src/main/java/com/jsoniter/any/ObjectAny.java,0.9.22
0.9.22?src/main/java/com/jsoniter/any/ObjectLazyAny.java,0.9.22
0.9.22?src/main/java/com/jsoniter/any/StringAny.java,0.9.22
0.9.22?src/main/java/com/jsoniter/any/StringLazyAny.java,0.9.22
0.9.22?src/main/java/com/jsoniter/any/TrueAny.java,0.9.22
0.9.22?src/main/java/com/jsoniter/Codegen.java,0.9.22
0.9.22?src/main/java/com/jsoniter/CodegenAccess.java,0.9.22
0.9.22?src/main/java/com/jsoniter/CodegenImplArray.java,0.9.22
0.9.22?src/main/java/com/jsoniter/CodegenImplEnum.java,0.9.22
0.9.22?src/main/java/com/jsoniter/CodegenImplMap.java,0.9.22
0.9.22?src/main/java/com/jsoniter/CodegenImplNative.java,0.9.22
0.9.22?src/main/java/com/jsoniter/CodegenImplObjectHash.java,0.9.22
0.9.22?src/main/java/com/jsoniter/CodegenImplObjectStrict.java,0.9.22
0.9.22?src/main/java/com/jsoniter/DynamicCodegen.java,0.9.22
0.9.22?src/main/java/com/jsoniter/extra/Base64.java,0.9.22
0.9.22?src/main/java/com/jsoniter/extra/Base64FloatSupport.java,0.9.22
0.9.22?src/main/java/com/jsoniter/extra/Base64Support.java,0.9.22
0.9.22?src/main/java/com/jsoniter/extra/GsonCompatibilityMode.java,0.9.22
0.9.22?src/main/java/com/jsoniter/extra/JacksonCompatibilityMode.java,0.9.22
0.9.22?src/main/java/com/jsoniter/extra/JdkDatetimeSupport.java,0.9.22
0.9.22?src/main/java/com/jsoniter/extra/NamingStrategySupport.java,0.9.22
0.9.22?src/main/java/com/jsoniter/extra/PreciseFloatSupport.java,0.9.22
0.9.22?src/main/java/com/jsoniter/fuzzy/MaybeEmptyArrayDecoder.java,0.9.22
0.9.22?src/main/java/com/jsoniter/fuzzy/MaybeStringDoubleDecoder.java,0.9.22
0.9.22?src/main/java/com/jsoniter/fuzzy/MaybeStringFloatDecoder.java,0.9.22
0.9.22?src/main/java/com/jsoniter/fuzzy/MaybeStringIntDecoder.java,0.9.22
0.9.22?src/main/java/com/jsoniter/fuzzy/MaybeStringLongDecoder.java,0.9.22
0.9.22?src/main/java/com/jsoniter/fuzzy/MaybeStringShortDecoder.java,0.9.22
0.9.22?src/main/java/com/jsoniter/fuzzy/StringDoubleDecoder.java,0.9.22
0.9.22?src/main/java/com/jsoniter/fuzzy/StringFloatDecoder.java,0.9.22
0.9.22?src/main/java/com/jsoniter/fuzzy/StringIntDecoder.java,0.9.22
0.9.22?src/main/java/com/jsoniter/fuzzy/StringLongDecoder.java,0.9.22
0.9.22?src/main/java/com/jsoniter/fuzzy/StringShortDecoder.java,0.9.22
0.9.22?src/main/java/com/jsoniter/IterImpl.java,0.9.22
0.9.22?src/main/java/com/jsoniter/IterImplArray.java,0.9.22
0.9.22?src/main/java/com/jsoniter/IterImplForStreaming.java,0.9.22
0.9.22?src/main/java/com/jsoniter/IterImplNumber.java,0.9.22
0.9.22?src/main/java/com/jsoniter/IterImplObject.java,0.9.22
0.9.22?src/main/java/com/jsoniter/IterImplSkip.java,0.9.22
0.9.22?src/main/java/com/jsoniter/IterImplString.java,0.9.22
0.9.22?src/main/java/com/jsoniter/JsonIterator.java,0.9.22
0.9.22?src/main/java/com/jsoniter/JsonIteratorPool.java,0.9.22
0.9.22?src/main/java/com/jsoniter/MapKeyDecoders.java,0.9.22
0.9.22?src/main/java/com/jsoniter/output/Codegen.java,0.9.22
0.9.22?src/main/java/com/jsoniter/output/CodegenAccess.java,0.9.22
0.9.22?src/main/java/com/jsoniter/output/CodegenImplArray.java,0.9.22
0.9.22?src/main/java/com/jsoniter/output/CodegenImplMap.java,0.9.22
0.9.22?src/main/java/com/jsoniter/output/CodegenImplNative.java,0.9.22
0.9.22?src/main/java/com/jsoniter/output/CodegenImplObject.java,0.9.22
0.9.22?src/main/java/com/jsoniter/output/CodegenResult.java,0.9.22
0.9.22?src/main/java/com/jsoniter/output/DynamicCodegen.java,0.9.22
0.9.22?src/main/java/com/jsoniter/output/EncodingMode.java,0.9.22
0.9.22?src/main/java/com/jsoniter/output/JsonStream.java,0.9.22
0.9.22?src/main/java/com/jsoniter/output/JsonStreamPool.java,0.9.22
0.9.22?src/main/java/com/jsoniter/output/MapKeyEncoders.java,0.9.22
0.9.22?src/main/java/com/jsoniter/output/ReflectionArrayEncoder.java,0.9.22
0.9.22?src/main/java/com/jsoniter/output/ReflectionCollectionEncoder.java,0.9.22
0.9.22?src/main/java/com/jsoniter/output/ReflectionEncoderFactory.java,0.9.22
0.9.22?src/main/java/com/jsoniter/output/ReflectionEnumEncoder.java,0.9.22
0.9.22?src/main/java/com/jsoniter/output/ReflectionListEncoder.java,0.9.22
0.9.22?src/main/java/com/jsoniter/output/ReflectionMapEncoder.java,0.9.22
0.9.22?src/main/java/com/jsoniter/output/ReflectionObjectEncoder.java,0.9.22
0.9.22?src/main/java/com/jsoniter/output/StreamImplNumber.java,0.9.22
0.9.22?src/main/java/com/jsoniter/output/StreamImplString.java,0.9.22
0.9.22?src/main/java/com/jsoniter/ReflectionArrayDecoder.java,0.9.22
0.9.22?src/main/java/com/jsoniter/ReflectionCollectionDecoder.java,0.9.22
0.9.22?src/main/java/com/jsoniter/ReflectionDecoderFactory.java,0.9.22
0.9.22?src/main/java/com/jsoniter/ReflectionEnumDecoder.java,0.9.22
0.9.22?src/main/java/com/jsoniter/ReflectionMapDecoder.java,0.9.22
0.9.22?src/main/java/com/jsoniter/ReflectionObjectDecoder.java,0.9.22
0.9.22?src/main/java/com/jsoniter/spi/Binding.java,0.9.22
0.9.22?src/main/java/com/jsoniter/spi/ClassDescriptor.java,0.9.22
0.9.22?src/main/java/com/jsoniter/spi/ClassInfo.java,0.9.22
0.9.22?src/main/java/com/jsoniter/spi/Config.java,0.9.22
0.9.22?src/main/java/com/jsoniter/spi/ConstructorDescriptor.java,0.9.22
0.9.22?src/main/java/com/jsoniter/spi/Decoder.java,0.9.22
0.9.22?src/main/java/com/jsoniter/spi/DecodingMode.java,0.9.22
0.9.22?src/main/java/com/jsoniter/spi/EmptyExtension.java,0.9.22
0.9.22?src/main/java/com/jsoniter/spi/Encoder.java,0.9.22
0.9.22?src/main/java/com/jsoniter/spi/EncodeTo.java,0.9.22
0.9.22?src/main/java/com/jsoniter/spi/Extension.java,0.9.22
0.9.22?src/main/java/com/jsoniter/spi/GenericsHelper.java,0.9.22
0.9.22?src/main/java/com/jsoniter/spi/JsonException.java,0.9.22
0.9.22?src/main/java/com/jsoniter/spi/JsoniterSpi.java,0.9.22
0.9.22?src/main/java/com/jsoniter/spi/OmitValue.java,0.9.22
0.9.22?src/main/java/com/jsoniter/spi/Slice.java,0.9.22
0.9.22?src/main/java/com/jsoniter/spi/TypeLiteral.java,0.9.22
0.9.22?src/main/java/com/jsoniter/spi/UnwrapperDescriptor.java,0.9.22
0.9.22?src/main/java/com/jsoniter/spi/WrapperDescriptor.java,0.9.22
0.9.22?src/main/java/com/jsoniter/static_codegen/StaticCodegen.java,0.9.22
0.9.22?src/main/java/com/jsoniter/static_codegen/StaticCodegenConfig.java,0.9.22
0.9.22?src/main/java/com/jsoniter/ValueType.java,0.9.22
0.9.23?android-demo/src/androidTest/java/com/example/myapplication/ExampleInstrumentedTest.java,0.9.23
0.9.23?android-demo/src/main/java/com/example/myapplication/DemoCodegenConfig.java,0.9.23
0.9.23?android-demo/src/main/java/com/example/myapplication/MainActivity.java,0.9.23
0.9.23?android-demo/src/main/java/com/example/myapplication/User.java,0.9.23
0.9.23?android-demo/src/main/java/jsoniter_codegen/cfg1173796797/decoder/com/example/myapplication/User.java,0.9.23
0.9.23?android-demo/src/main/java/jsoniter_codegen/cfg1173796797/decoder/int_array.java,0.9.23
0.9.23?android-demo/src/main/java/jsoniter_codegen/cfg1173796797/decoder/java/util/List_com/example/myapplication/User.java,0.9.23
0.9.23?android-demo/src/main/java/jsoniter_codegen/cfg1173796797/decoder/java/util/List_java/lang/Integer.java,0.9.23
0.9.23?android-demo/src/main/java/jsoniter_codegen/cfg1173796797/decoder/java/util/Map_java/lang/String_java/lang/Object.java,0.9.23
0.9.23?android-demo/src/main/java/jsoniter_codegen/cfg1173796797/encoder/com/example/myapplication/User.java,0.9.23
0.9.23?android-demo/src/main/java/jsoniter_codegen/cfg1173796797/encoder/int_array.java,0.9.23
0.9.23?android-demo/src/main/java/jsoniter_codegen/cfg1173796797/encoder/java/util/List_com/example/myapplication/User.java,0.9.23
0.9.23?android-demo/src/main/java/jsoniter_codegen/cfg1173796797/encoder/java/util/List_java/lang/Integer.java,0.9.23
0.9.23?android-demo/src/main/java/jsoniter_codegen/cfg1173796797/encoder/java/util/Map_java/lang/String_java/lang/Object.java,0.9.23
0.9.23?demo/src/main/java/com/jsoniter/demo/Demo.java,0.9.23
0.9.23?demo/src/main/java/com/jsoniter/demo/DemoCodegenConfig.java,0.9.23
0.9.23?demo/src/main/java/com/jsoniter/demo/User.java,0.9.23
0.9.23?demo/src/main/java/jsoniter_codegen/cfg1173796797/decoder/com/jsoniter/demo/User.java,0.9.23
0.9.23?demo/src/main/java/jsoniter_codegen/cfg1173796797/decoder/int_array.java,0.9.23
0.9.23?demo/src/main/java/jsoniter_codegen/cfg1173796797/decoder/java/util/List_com/jsoniter/demo/User.java,0.9.23
0.9.23?demo/src/main/java/jsoniter_codegen/cfg1173796797/decoder/java/util/List_java/lang/Integer.java,0.9.23
0.9.23?demo/src/main/java/jsoniter_codegen/cfg1173796797/decoder/java/util/Map_java/lang/String_java/lang/Object.java,0.9.23
0.9.23?demo/src/main/java/jsoniter_codegen/cfg1173796797/encoder/com/jsoniter/demo/User.java,0.9.23
0.9.23?demo/src/main/java/jsoniter_codegen/cfg1173796797/encoder/int_array.java,0.9.23
0.9.23?demo/src/main/java/jsoniter_codegen/cfg1173796797/encoder/java/util/List_com/jsoniter/demo/User.java,0.9.23
0.9.23?demo/src/main/java/jsoniter_codegen/cfg1173796797/encoder/java/util/List_java/lang/Integer.java,0.9.23
0.9.23?demo/src/main/java/jsoniter_codegen/cfg1173796797/encoder/java/util/Map_java/lang/String_java/lang/Object.java,0.9.23
0.9.23?src/main/java/com/jsoniter/annotation/JsonCreator.java,0.9.23
0.9.23?src/main/java/com/jsoniter/annotation/JsonExtraProperties.java,0.9.23
0.9.23?src/main/java/com/jsoniter/annotation/JsonIgnore.java,0.9.23
0.9.23?src/main/java/com/jsoniter/annotation/JsonMissingProperties.java,0.9.23
0.9.23?src/main/java/com/jsoniter/annotation/JsonObject.java,0.9.23
0.9.23?src/main/java/com/jsoniter/annotation/JsonProperty.java,0.9.23
0.9.23?src/main/java/com/jsoniter/annotation/JsonUnwrapper.java,0.9.23
0.9.23?src/main/java/com/jsoniter/annotation/JsonWrapper.java,0.9.23
0.9.23?src/main/java/com/jsoniter/annotation/JsonWrapperType.java,0.9.23
0.9.23?src/main/java/com/jsoniter/any/Any.java,0.9.23
0.9.23?src/main/java/com/jsoniter/any/ArrayAny.java,0.9.23
0.9.23?src/main/java/com/jsoniter/any/ArrayLazyAny.java,0.9.23
0.9.23?src/main/java/com/jsoniter/any/ArrayWrapperAny.java,0.9.23
0.9.23?src/main/java/com/jsoniter/any/DoubleAny.java,0.9.23
0.9.23?src/main/java/com/jsoniter/any/DoubleLazyAny.java,0.9.23
0.9.23?src/main/java/com/jsoniter/any/FalseAny.java,0.9.23
0.9.23?src/main/java/com/jsoniter/any/FloatAny.java,0.9.23
0.9.23?src/main/java/com/jsoniter/any/IntAny.java,0.9.23
0.9.23?src/main/java/com/jsoniter/any/LazyAny.java,0.9.23
0.9.23?src/main/java/com/jsoniter/any/ListWrapperAny.java,0.9.23
0.9.23?src/main/java/com/jsoniter/any/LongAny.java,0.9.23
0.9.23?src/main/java/com/jsoniter/any/LongLazyAny.java,0.9.23
0.9.23?src/main/java/com/jsoniter/any/MapWrapperAny.java,0.9.23
0.9.23?src/main/java/com/jsoniter/any/NotFoundAny.java,0.9.23
0.9.23?src/main/java/com/jsoniter/any/NullAny.java,0.9.23
0.9.23?src/main/java/com/jsoniter/any/ObjectAny.java,0.9.23
0.9.23?src/main/java/com/jsoniter/any/ObjectLazyAny.java,0.9.23
0.9.23?src/main/java/com/jsoniter/any/StringAny.java,0.9.23
0.9.23?src/main/java/com/jsoniter/any/StringLazyAny.java,0.9.23
0.9.23?src/main/java/com/jsoniter/any/TrueAny.java,0.9.23
0.9.23?src/main/java/com/jsoniter/Codegen.java,0.9.23
0.9.23?src/main/java/com/jsoniter/CodegenAccess.java,0.9.23
0.9.23?src/main/java/com/jsoniter/CodegenImplArray.java,0.9.23
0.9.23?src/main/java/com/jsoniter/CodegenImplEnum.java,0.9.23
0.9.23?src/main/java/com/jsoniter/CodegenImplMap.java,0.9.23
0.9.23?src/main/java/com/jsoniter/CodegenImplNative.java,0.9.23
0.9.23?src/main/java/com/jsoniter/CodegenImplObjectHash.java,0.9.23
0.9.23?src/main/java/com/jsoniter/CodegenImplObjectStrict.java,0.9.23
0.9.23?src/main/java/com/jsoniter/DynamicCodegen.java,0.9.23
0.9.23?src/main/java/com/jsoniter/extra/Base64.java,0.9.23
0.9.23?src/main/java/com/jsoniter/extra/Base64FloatSupport.java,0.9.23
0.9.23?src/main/java/com/jsoniter/extra/Base64Support.java,0.9.23
0.9.23?src/main/java/com/jsoniter/extra/GsonCompatibilityMode.java,0.9.23
0.9.23?src/main/java/com/jsoniter/extra/JacksonCompatibilityMode.java,0.9.23
0.9.23?src/main/java/com/jsoniter/extra/JdkDatetimeSupport.java,0.9.23
0.9.23?src/main/java/com/jsoniter/extra/NamingStrategySupport.java,0.9.23
0.9.23?src/main/java/com/jsoniter/extra/PreciseFloatSupport.java,0.9.23
0.9.23?src/main/java/com/jsoniter/fuzzy/MaybeEmptyArrayDecoder.java,0.9.23
0.9.23?src/main/java/com/jsoniter/fuzzy/MaybeStringDoubleDecoder.java,0.9.23
0.9.23?src/main/java/com/jsoniter/fuzzy/MaybeStringFloatDecoder.java,0.9.23
0.9.23?src/main/java/com/jsoniter/fuzzy/MaybeStringIntDecoder.java,0.9.23
0.9.23?src/main/java/com/jsoniter/fuzzy/MaybeStringLongDecoder.java,0.9.23
0.9.23?src/main/java/com/jsoniter/fuzzy/MaybeStringShortDecoder.java,0.9.23
0.9.23?src/main/java/com/jsoniter/fuzzy/StringDoubleDecoder.java,0.9.23
0.9.23?src/main/java/com/jsoniter/fuzzy/StringFloatDecoder.java,0.9.23
0.9.23?src/main/java/com/jsoniter/fuzzy/StringIntDecoder.java,0.9.23
0.9.23?src/main/java/com/jsoniter/fuzzy/StringLongDecoder.java,0.9.23
0.9.23?src/main/java/com/jsoniter/fuzzy/StringShortDecoder.java,0.9.23
0.9.23?src/main/java/com/jsoniter/IterImpl.java,0.9.23
0.9.23?src/main/java/com/jsoniter/IterImplArray.java,0.9.23
0.9.23?src/main/java/com/jsoniter/IterImplForStreaming.java,0.9.23
0.9.23?src/main/java/com/jsoniter/IterImplNumber.java,0.9.23
0.9.23?src/main/java/com/jsoniter/IterImplObject.java,0.9.23
0.9.23?src/main/java/com/jsoniter/IterImplSkip.java,0.9.23
0.9.23?src/main/java/com/jsoniter/IterImplString.java,0.9.23
0.9.23?src/main/java/com/jsoniter/JsonIterator.java,0.9.23
0.9.23?src/main/java/com/jsoniter/JsonIteratorPool.java,0.9.23
0.9.23?src/main/java/com/jsoniter/MapKeyDecoders.java,0.9.23
0.9.23?src/main/java/com/jsoniter/output/Codegen.java,0.9.23
0.9.23?src/main/java/com/jsoniter/output/CodegenAccess.java,0.9.23
0.9.23?src/main/java/com/jsoniter/output/CodegenImplArray.java,0.9.23
0.9.23?src/main/java/com/jsoniter/output/CodegenImplMap.java,0.9.23
0.9.23?src/main/java/com/jsoniter/output/CodegenImplNative.java,0.9.23
0.9.23?src/main/java/com/jsoniter/output/CodegenImplObject.java,0.9.23
0.9.23?src/main/java/com/jsoniter/output/CodegenResult.java,0.9.23
0.9.23?src/main/java/com/jsoniter/output/DynamicCodegen.java,0.9.23
0.9.23?src/main/java/com/jsoniter/output/EncodingMode.java,0.9.23
0.9.23?src/main/java/com/jsoniter/output/JsonStream.java,0.9.23
0.9.23?src/main/java/com/jsoniter/output/JsonStreamPool.java,0.9.23
0.9.23?src/main/java/com/jsoniter/output/MapKeyEncoders.java,0.9.23
0.9.23?src/main/java/com/jsoniter/output/ReflectionArrayEncoder.java,0.9.23
0.9.23?src/main/java/com/jsoniter/output/ReflectionCollectionEncoder.java,0.9.23
0.9.23?src/main/java/com/jsoniter/output/ReflectionEncoderFactory.java,0.9.23
0.9.23?src/main/java/com/jsoniter/output/ReflectionEnumEncoder.java,0.9.23
0.9.23?src/main/java/com/jsoniter/output/ReflectionListEncoder.java,0.9.23
0.9.23?src/main/java/com/jsoniter/output/ReflectionMapEncoder.java,0.9.23
0.9.23?src/main/java/com/jsoniter/output/ReflectionObjectEncoder.java,0.9.23
0.9.23?src/main/java/com/jsoniter/output/StreamImplNumber.java,0.9.23
0.9.23?src/main/java/com/jsoniter/output/StreamImplString.java,0.9.23
0.9.23?src/main/java/com/jsoniter/ReflectionArrayDecoder.java,0.9.23
0.9.23?src/main/java/com/jsoniter/ReflectionCollectionDecoder.java,0.9.23
0.9.23?src/main/java/com/jsoniter/ReflectionDecoderFactory.java,0.9.23
0.9.23?src/main/java/com/jsoniter/ReflectionEnumDecoder.java,0.9.23
0.9.23?src/main/java/com/jsoniter/ReflectionMapDecoder.java,0.9.23
0.9.23?src/main/java/com/jsoniter/ReflectionObjectDecoder.java,0.9.23
0.9.23?src/main/java/com/jsoniter/spi/Binding.java,0.9.23
0.9.23?src/main/java/com/jsoniter/spi/ClassDescriptor.java,0.9.23
0.9.23?src/main/java/com/jsoniter/spi/ClassInfo.java,0.9.23
0.9.23?src/main/java/com/jsoniter/spi/Config.java,0.9.23
0.9.23?src/main/java/com/jsoniter/spi/ConstructorDescriptor.java,0.9.23
0.9.23?src/main/java/com/jsoniter/spi/Decoder.java,0.9.23
0.9.23?src/main/java/com/jsoniter/spi/DecodingMode.java,0.9.23
0.9.23?src/main/java/com/jsoniter/spi/EmptyExtension.java,0.9.23
0.9.23?src/main/java/com/jsoniter/spi/Encoder.java,0.9.23
0.9.23?src/main/java/com/jsoniter/spi/EncodeTo.java,0.9.23
0.9.23?src/main/java/com/jsoniter/spi/Extension.java,0.9.23
0.9.23?src/main/java/com/jsoniter/spi/GenericsHelper.java,0.9.23
0.9.23?src/main/java/com/jsoniter/spi/JsonException.java,0.9.23
0.9.23?src/main/java/com/jsoniter/spi/JsoniterSpi.java,0.9.23
0.9.23?src/main/java/com/jsoniter/spi/OmitValue.java,0.9.23
0.9.23?src/main/java/com/jsoniter/spi/Slice.java,0.9.23
0.9.23?src/main/java/com/jsoniter/spi/TypeLiteral.java,0.9.23
0.9.23?src/main/java/com/jsoniter/spi/UnwrapperDescriptor.java,0.9.23
0.9.23?src/main/java/com/jsoniter/spi/WrapperDescriptor.java,0.9.23
0.9.23?src/main/java/com/jsoniter/static_codegen/StaticCodegen.java,0.9.23
0.9.23?src/main/java/com/jsoniter/static_codegen/StaticCodegenConfig.java,0.9.23
0.9.23?src/main/java/com/jsoniter/ValueType.java,0.9.23
0.9.22?android-demo/src/androidTest/java/com/example/myapplication/ExampleInstrumentedTest.java,0.9.22
0.9.22?android-demo/src/main/java/com/example/myapplication/DemoCodegenConfig.java,0.9.22
0.9.22?android-demo/src/main/java/com/example/myapplication/MainActivity.java,0.9.22
0.9.22?android-demo/src/main/java/com/example/myapplication/User.java,0.9.22
0.9.22?android-demo/src/main/java/jsoniter_codegen/cfg1173796797/decoder/com/example/myapplication/User.java,0.9.22
0.9.22?android-demo/src/main/java/jsoniter_codegen/cfg1173796797/decoder/int_array.java,0.9.22
0.9.22?android-demo/src/main/java/jsoniter_codegen/cfg1173796797/decoder/java/util/List_com/example/myapplication/User.java,0.9.22
0.9.22?android-demo/src/main/java/jsoniter_codegen/cfg1173796797/decoder/java/util/List_java/lang/Integer.java,0.9.22
0.9.22?android-demo/src/main/java/jsoniter_codegen/cfg1173796797/decoder/java/util/Map_java/lang/String_java/lang/Object.java,0.9.22
0.9.22?android-demo/src/main/java/jsoniter_codegen/cfg1173796797/encoder/com/example/myapplication/User.java,0.9.22
0.9.22?android-demo/src/main/java/jsoniter_codegen/cfg1173796797/encoder/int_array.java,0.9.22
0.9.22?android-demo/src/main/java/jsoniter_codegen/cfg1173796797/encoder/java/util/List_com/example/myapplication/User.java,0.9.22
0.9.22?android-demo/src/main/java/jsoniter_codegen/cfg1173796797/encoder/java/util/List_java/lang/Integer.java,0.9.22
0.9.22?android-demo/src/main/java/jsoniter_codegen/cfg1173796797/encoder/java/util/Map_java/lang/String_java/lang/Object.java,0.9.22
0.9.22?demo/src/main/java/com/jsoniter/demo/Demo.java,0.9.22
0.9.22?demo/src/main/java/com/jsoniter/demo/DemoCodegenConfig.java,0.9.22
0.9.22?demo/src/main/java/com/jsoniter/demo/User.java,0.9.22
0.9.22?demo/src/main/java/jsoniter_codegen/cfg1173796797/decoder/com/jsoniter/demo/User.java,0.9.22
0.9.22?demo/src/main/java/jsoniter_codegen/cfg1173796797/decoder/int_array.java,0.9.22
0.9.22?demo/src/main/java/jsoniter_codegen/cfg1173796797/decoder/java/util/List_com/jsoniter/demo/User.java,0.9.22
0.9.22?demo/src/main/java/jsoniter_codegen/cfg1173796797/decoder/java/util/List_java/lang/Integer.java,0.9.22
0.9.22?demo/src/main/java/jsoniter_codegen/cfg1173796797/decoder/java/util/Map_java/lang/String_java/lang/Object.java,0.9.22
0.9.22?demo/src/main/java/jsoniter_codegen/cfg1173796797/encoder/com/jsoniter/demo/User.java,0.9.22
0.9.22?demo/src/main/java/jsoniter_codegen/cfg1173796797/encoder/int_array.java,0.9.22
0.9.22?demo/src/main/java/jsoniter_codegen/cfg1173796797/encoder/java/util/List_com/jsoniter/demo/User.java,0.9.22
0.9.22?demo/src/main/java/jsoniter_codegen/cfg1173796797/encoder/java/util/List_java/lang/Integer.java,0.9.22
0.9.22?demo/src/main/java/jsoniter_codegen/cfg1173796797/encoder/java/util/Map_java/lang/String_java/lang/Object.java,0.9.22
0.9.22?src/main/java/com/jsoniter/annotation/JsonCreator.java,0.9.22
0.9.22?src/main/java/com/jsoniter/annotation/JsonExtraProperties.java,0.9.22
0.9.22?src/main/java/com/jsoniter/annotation/JsonIgnore.java,0.9.22
0.9.22?src/main/java/com/jsoniter/annotation/JsonMissingProperties.java,0.9.22
0.9.22?src/main/java/com/jsoniter/annotation/JsonObject.java,0.9.22
0.9.22?src/main/java/com/jsoniter/annotation/JsonProperty.java,0.9.22
0.9.22?src/main/java/com/jsoniter/annotation/JsonUnwrapper.java,0.9.22
0.9.22?src/main/java/com/jsoniter/annotation/JsonWrapper.java,0.9.22
0.9.22?src/main/java/com/jsoniter/annotation/JsonWrapperType.java,0.9.22
0.9.22?src/main/java/com/jsoniter/any/Any.java,0.9.22
0.9.22?src/main/java/com/jsoniter/any/ArrayAny.java,0.9.22
0.9.22?src/main/java/com/jsoniter/any/ArrayLazyAny.java,0.9.22
0.9.22?src/main/java/com/jsoniter/any/ArrayWrapperAny.java,0.9.22
0.9.22?src/main/java/com/jsoniter/any/DoubleAny.java,0.9.22
0.9.22?src/main/java/com/jsoniter/any/DoubleLazyAny.java,0.9.22
0.9.22?src/main/java/com/jsoniter/any/FalseAny.java,0.9.22
0.9.22?src/main/java/com/jsoniter/any/FloatAny.java,0.9.22
0.9.22?src/main/java/com/jsoniter/any/IntAny.java,0.9.22
0.9.22?src/main/java/com/jsoniter/any/LazyAny.java,0.9.22
0.9.22?src/main/java/com/jsoniter/any/ListWrapperAny.java,0.9.22
0.9.22?src/main/java/com/jsoniter/any/LongAny.java,0.9.22
0.9.22?src/main/java/com/jsoniter/any/LongLazyAny.java,0.9.22
0.9.22?src/main/java/com/jsoniter/any/MapWrapperAny.java,0.9.22
0.9.22?src/main/java/com/jsoniter/any/NotFoundAny.java,0.9.22
0.9.22?src/main/java/com/jsoniter/any/NullAny.java,0.9.22
0.9.22?src/main/java/com/jsoniter/any/ObjectAny.java,0.9.22
0.9.22?src/main/java/com/jsoniter/any/ObjectLazyAny.java,0.9.22
0.9.22?src/main/java/com/jsoniter/any/StringAny.java,0.9.22
0.9.22?src/main/java/com/jsoniter/any/StringLazyAny.java,0.9.22
0.9.22?src/main/java/com/jsoniter/any/TrueAny.java,0.9.22
0.9.22?src/main/java/com/jsoniter/Codegen.java,0.9.22
0.9.22?src/main/java/com/jsoniter/CodegenAccess.java,0.9.22
0.9.22?src/main/java/com/jsoniter/CodegenImplArray.java,0.9.22
0.9.22?src/main/java/com/jsoniter/CodegenImplEnum.java,0.9.22
0.9.22?src/main/java/com/jsoniter/CodegenImplMap.java,0.9.22
0.9.22?src/main/java/com/jsoniter/CodegenImplNative.java,0.9.22
0.9.22?src/main/java/com/jsoniter/CodegenImplObjectHash.java,0.9.22
0.9.22?src/main/java/com/jsoniter/CodegenImplObjectStrict.java,0.9.22
0.9.22?src/main/java/com/jsoniter/DynamicCodegen.java,0.9.22
0.9.22?src/main/java/com/jsoniter/extra/Base64.java,0.9.22
0.9.22?src/main/java/com/jsoniter/extra/Base64FloatSupport.java,0.9.22
0.9.22?src/main/java/com/jsoniter/extra/Base64Support.java,0.9.22
0.9.22?src/main/java/com/jsoniter/extra/GsonCompatibilityMode.java,0.9.22
0.9.22?src/main/java/com/jsoniter/extra/JacksonCompatibilityMode.java,0.9.22
0.9.22?src/main/java/com/jsoniter/extra/JdkDatetimeSupport.java,0.9.22
0.9.22?src/main/java/com/jsoniter/extra/NamingStrategySupport.java,0.9.22
0.9.22?src/main/java/com/jsoniter/extra/PreciseFloatSupport.java,0.9.22
0.9.22?src/main/java/com/jsoniter/fuzzy/MaybeEmptyArrayDecoder.java,0.9.22
0.9.22?src/main/java/com/jsoniter/fuzzy/MaybeStringDoubleDecoder.java,0.9.22
0.9.22?src/main/java/com/jsoniter/fuzzy/MaybeStringFloatDecoder.java,0.9.22
0.9.22?src/main/java/com/jsoniter/fuzzy/MaybeStringIntDecoder.java,0.9.22
0.9.22?src/main/java/com/jsoniter/fuzzy/MaybeStringLongDecoder.java,0.9.22
0.9.22?src/main/java/com/jsoniter/fuzzy/MaybeStringShortDecoder.java,0.9.22
0.9.22?src/main/java/com/jsoniter/fuzzy/StringDoubleDecoder.java,0.9.22
0.9.22?src/main/java/com/jsoniter/fuzzy/StringFloatDecoder.java,0.9.22
0.9.22?src/main/java/com/jsoniter/fuzzy/StringIntDecoder.java,0.9.22
0.9.22?src/main/java/com/jsoniter/fuzzy/StringLongDecoder.java,0.9.22
0.9.22?src/main/java/com/jsoniter/fuzzy/StringShortDecoder.java,0.9.22
0.9.22?src/main/java/com/jsoniter/IterImpl.java,0.9.22
0.9.22?src/main/java/com/jsoniter/IterImplArray.java,0.9.22
0.9.22?src/main/java/com/jsoniter/IterImplForStreaming.java,0.9.22
0.9.22?src/main/java/com/jsoniter/IterImplNumber.java,0.9.22
0.9.22?src/main/java/com/jsoniter/IterImplObject.java,0.9.22
0.9.22?src/main/java/com/jsoniter/IterImplSkip.java,0.9.22
0.9.22?src/main/java/com/jsoniter/IterImplString.java,0.9.22
0.9.22?src/main/java/com/jsoniter/JsonIterator.java,0.9.22
0.9.22?src/main/java/com/jsoniter/JsonIteratorPool.java,0.9.22
0.9.22?src/main/java/com/jsoniter/MapKeyDecoders.java,0.9.22
0.9.22?src/main/java/com/jsoniter/output/Codegen.java,0.9.22
0.9.22?src/main/java/com/jsoniter/output/CodegenAccess.java,0.9.22
0.9.22?src/main/java/com/jsoniter/output/CodegenImplArray.java,0.9.22
0.9.22?src/main/java/com/jsoniter/output/CodegenImplMap.java,0.9.22
0.9.22?src/main/java/com/jsoniter/output/CodegenImplNative.java,0.9.22
0.9.22?src/main/java/com/jsoniter/output/CodegenImplObject.java,0.9.22
0.9.22?src/main/java/com/jsoniter/output/CodegenResult.java,0.9.22
0.9.22?src/main/java/com/jsoniter/output/DynamicCodegen.java,0.9.22
0.9.22?src/main/java/com/jsoniter/output/EncodingMode.java,0.9.22
0.9.22?src/main/java/com/jsoniter/output/JsonStream.java,0.9.22
0.9.22?src/main/java/com/jsoniter/output/JsonStreamPool.java,0.9.22
0.9.22?src/main/java/com/jsoniter/output/MapKeyEncoders.java,0.9.22
0.9.22?src/main/java/com/jsoniter/output/ReflectionArrayEncoder.java,0.9.22
0.9.22?src/main/java/com/jsoniter/output/ReflectionCollectionEncoder.java,0.9.22
0.9.22?src/main/java/com/jsoniter/output/ReflectionEncoderFactory.java,0.9.22
0.9.22?src/main/java/com/jsoniter/output/ReflectionEnumEncoder.java,0.9.22
0.9.22?src/main/java/com/jsoniter/output/ReflectionListEncoder.java,0.9.22
0.9.22?src/main/java/com/jsoniter/output/ReflectionMapEncoder.java,0.9.22
0.9.22?src/main/java/com/jsoniter/output/ReflectionObjectEncoder.java,0.9.22
0.9.22?src/main/java/com/jsoniter/output/StreamImplNumber.java,0.9.22
0.9.22?src/main/java/com/jsoniter/output/StreamImplString.java,0.9.22
0.9.22?src/main/java/com/jsoniter/ReflectionArrayDecoder.java,0.9.22
0.9.22?src/main/java/com/jsoniter/ReflectionCollectionDecoder.java,0.9.22
0.9.22?src/main/java/com/jsoniter/ReflectionDecoderFactory.java,0.9.22
0.9.22?src/main/java/com/jsoniter/ReflectionEnumDecoder.java,0.9.22
0.9.22?src/main/java/com/jsoniter/ReflectionMapDecoder.java,0.9.22
0.9.22?src/main/java/com/jsoniter/ReflectionObjectDecoder.java,0.9.22
0.9.22?src/main/java/com/jsoniter/spi/Binding.java,0.9.22
0.9.22?src/main/java/com/jsoniter/spi/ClassDescriptor.java,0.9.22
0.9.22?src/main/java/com/jsoniter/spi/ClassInfo.java,0.9.22
0.9.22?src/main/java/com/jsoniter/spi/Config.java,0.9.22
0.9.22?src/main/java/com/jsoniter/spi/ConstructorDescriptor.java,0.9.22
0.9.22?src/main/java/com/jsoniter/spi/Decoder.java,0.9.22
0.9.22?src/main/java/com/jsoniter/spi/DecodingMode.java,0.9.22
0.9.22?src/main/java/com/jsoniter/spi/EmptyExtension.java,0.9.22
0.9.22?src/main/java/com/jsoniter/spi/Encoder.java,0.9.22
0.9.22?src/main/java/com/jsoniter/spi/EncodeTo.java,0.9.22
0.9.22?src/main/java/com/jsoniter/spi/Extension.java,0.9.22
0.9.22?src/main/java/com/jsoniter/spi/GenericsHelper.java,0.9.22
0.9.22?src/main/java/com/jsoniter/spi/JsonException.java,0.9.22
0.9.22?src/main/java/com/jsoniter/spi/JsoniterSpi.java,0.9.22
0.9.22?src/main/java/com/jsoniter/spi/OmitValue.java,0.9.22
0.9.22?src/main/java/com/jsoniter/spi/Slice.java,0.9.22
0.9.22?src/main/java/com/jsoniter/spi/TypeLiteral.java,0.9.22
0.9.22?src/main/java/com/jsoniter/spi/UnwrapperDescriptor.java,0.9.22
0.9.22?src/main/java/com/jsoniter/spi/WrapperDescriptor.java,0.9.22
0.9.22?src/main/java/com/jsoniter/static_codegen/StaticCodegen.java,0.9.22
0.9.22?src/main/java/com/jsoniter/static_codegen/StaticCodegenConfig.java,0.9.22
0.9.22?src/main/java/com/jsoniter/ValueType.java,0.9.22
0.9.23?android-demo/src/androidTest/java/com/example/myapplication/ExampleInstrumentedTest.java,0.9.23
0.9.23?android-demo/src/main/java/com/example/myapplication/DemoCodegenConfig.java,0.9.23
0.9.23?android-demo/src/main/java/com/example/myapplication/MainActivity.java,0.9.23
0.9.23?android-demo/src/main/java/com/example/myapplication/User.java,0.9.23
0.9.23?android-demo/src/main/java/jsoniter_codegen/cfg1173796797/decoder/com/example/myapplication/User.java,0.9.23
0.9.23?android-demo/src/main/java/jsoniter_codegen/cfg1173796797/decoder/int_array.java,0.9.23
0.9.23?android-demo/src/main/java/jsoniter_codegen/cfg1173796797/decoder/java/util/List_com/example/myapplication/User.java,0.9.23
0.9.23?android-demo/src/main/java/jsoniter_codegen/cfg1173796797/decoder/java/util/List_java/lang/Integer.java,0.9.23
0.9.23?android-demo/src/main/java/jsoniter_codegen/cfg1173796797/decoder/java/util/Map_java/lang/String_java/lang/Object.java,0.9.23
0.9.23?android-demo/src/main/java/jsoniter_codegen/cfg1173796797/encoder/com/example/myapplication/User.java,0.9.23
0.9.23?android-demo/src/main/java/jsoniter_codegen/cfg1173796797/encoder/int_array.java,0.9.23
0.9.23?android-demo/src/main/java/jsoniter_codegen/cfg1173796797/encoder/java/util/List_com/example/myapplication/User.java,0.9.23
0.9.23?android-demo/src/main/java/jsoniter_codegen/cfg1173796797/encoder/java/util/List_java/lang/Integer.java,0.9.23
0.9.23?android-demo/src/main/java/jsoniter_codegen/cfg1173796797/encoder/java/util/Map_java/lang/String_java/lang/Object.java,0.9.23
0.9.23?demo/src/main/java/com/jsoniter/demo/Demo.java,0.9.23
0.9.23?demo/src/main/java/com/jsoniter/demo/DemoCodegenConfig.java,0.9.23
0.9.23?demo/src/main/java/com/jsoniter/demo/User.java,0.9.23
0.9.23?demo/src/main/java/jsoniter_codegen/cfg1173796797/decoder/com/jsoniter/demo/User.java,0.9.23
0.9.23?demo/src/main/java/jsoniter_codegen/cfg1173796797/decoder/int_array.java,0.9.23
0.9.23?demo/src/main/java/jsoniter_codegen/cfg1173796797/decoder/java/util/List_com/jsoniter/demo/User.java,0.9.23
0.9.23?demo/src/main/java/jsoniter_codegen/cfg1173796797/decoder/java/util/List_java/lang/Integer.java,0.9.23
0.9.23?demo/src/main/java/jsoniter_codegen/cfg1173796797/decoder/java/util/Map_java/lang/String_java/lang/Object.java,0.9.23
0.9.23?demo/src/main/java/jsoniter_codegen/cfg1173796797/encoder/com/jsoniter/demo/User.java,0.9.23
0.9.23?demo/src/main/java/jsoniter_codegen/cfg1173796797/encoder/int_array.java,0.9.23
0.9.23?demo/src/main/java/jsoniter_codegen/cfg1173796797/encoder/java/util/List_com/jsoniter/demo/User.java,0.9.23
0.9.23?demo/src/main/java/jsoniter_codegen/cfg1173796797/encoder/java/util/List_java/lang/Integer.java,0.9.23
0.9.23?demo/src/main/java/jsoniter_codegen/cfg1173796797/encoder/java/util/Map_java/lang/String_java/lang/Object.java,0.9.23
0.9.23?src/main/java/com/jsoniter/annotation/JsonCreator.java,0.9.23
0.9.23?src/main/java/com/jsoniter/annotation/JsonExtraProperties.java,0.9.23
0.9.23?src/main/java/com/jsoniter/annotation/JsonIgnore.java,0.9.23
0.9.23?src/main/java/com/jsoniter/annotation/JsonMissingProperties.java,0.9.23
0.9.23?src/main/java/com/jsoniter/annotation/JsonObject.java,0.9.23
0.9.23?src/main/java/com/jsoniter/annotation/JsonProperty.java,0.9.23
0.9.23?src/main/java/com/jsoniter/annotation/JsonUnwrapper.java,0.9.23
0.9.23?src/main/java/com/jsoniter/annotation/JsonWrapper.java,0.9.23
0.9.23?src/main/java/com/jsoniter/annotation/JsonWrapperType.java,0.9.23
0.9.23?src/main/java/com/jsoniter/any/Any.java,0.9.23
0.9.23?src/main/java/com/jsoniter/any/ArrayAny.java,0.9.23
0.9.23?src/main/java/com/jsoniter/any/ArrayLazyAny.java,0.9.23
0.9.23?src/main/java/com/jsoniter/any/ArrayWrapperAny.java,0.9.23
0.9.23?src/main/java/com/jsoniter/any/DoubleAny.java,0.9.23
0.9.23?src/main/java/com/jsoniter/any/DoubleLazyAny.java,0.9.23
0.9.23?src/main/java/com/jsoniter/any/FalseAny.java,0.9.23
0.9.23?src/main/java/com/jsoniter/any/FloatAny.java,0.9.23
0.9.23?src/main/java/com/jsoniter/any/IntAny.java,0.9.23
0.9.23?src/main/java/com/jsoniter/any/LazyAny.java,0.9.23
0.9.23?src/main/java/com/jsoniter/any/ListWrapperAny.java,0.9.23
0.9.23?src/main/java/com/jsoniter/any/LongAny.java,0.9.23
0.9.23?src/main/java/com/jsoniter/any/LongLazyAny.java,0.9.23
0.9.23?src/main/java/com/jsoniter/any/MapWrapperAny.java,0.9.23
0.9.23?src/main/java/com/jsoniter/any/NotFoundAny.java,0.9.23
0.9.23?src/main/java/com/jsoniter/any/NullAny.java,0.9.23
0.9.23?src/main/java/com/jsoniter/any/ObjectAny.java,0.9.23
0.9.23?src/main/java/com/jsoniter/any/ObjectLazyAny.java,0.9.23
0.9.23?src/main/java/com/jsoniter/any/StringAny.java,0.9.23
0.9.23?src/main/java/com/jsoniter/any/StringLazyAny.java,0.9.23
0.9.23?src/main/java/com/jsoniter/any/TrueAny.java,0.9.23
0.9.23?src/main/java/com/jsoniter/Codegen.java,0.9.23
0.9.23?src/main/java/com/jsoniter/CodegenAccess.java,0.9.23
0.9.23?src/main/java/com/jsoniter/CodegenImplArray.java,0.9.23
0.9.23?src/main/java/com/jsoniter/CodegenImplEnum.java,0.9.23
0.9.23?src/main/java/com/jsoniter/CodegenImplMap.java,0.9.23
0.9.23?src/main/java/com/jsoniter/CodegenImplNative.java,0.9.23
0.9.23?src/main/java/com/jsoniter/CodegenImplObjectHash.java,0.9.23
0.9.23?src/main/java/com/jsoniter/CodegenImplObjectStrict.java,0.9.23
0.9.23?src/main/java/com/jsoniter/DynamicCodegen.java,0.9.23
0.9.23?src/main/java/com/jsoniter/extra/Base64.java,0.9.23
0.9.23?src/main/java/com/jsoniter/extra/Base64FloatSupport.java,0.9.23
0.9.23?src/main/java/com/jsoniter/extra/Base64Support.java,0.9.23
0.9.23?src/main/java/com/jsoniter/extra/GsonCompatibilityMode.java,0.9.23
0.9.23?src/main/java/com/jsoniter/extra/JacksonCompatibilityMode.java,0.9.23
0.9.23?src/main/java/com/jsoniter/extra/JdkDatetimeSupport.java,0.9.23
0.9.23?src/main/java/com/jsoniter/extra/NamingStrategySupport.java,0.9.23
0.9.23?src/main/java/com/jsoniter/extra/PreciseFloatSupport.java,0.9.23
0.9.23?src/main/java/com/jsoniter/fuzzy/MaybeEmptyArrayDecoder.java,0.9.23
0.9.23?src/main/java/com/jsoniter/fuzzy/MaybeStringDoubleDecoder.java,0.9.23
0.9.23?src/main/java/com/jsoniter/fuzzy/MaybeStringFloatDecoder.java,0.9.23
0.9.23?src/main/java/com/jsoniter/fuzzy/MaybeStringIntDecoder.java,0.9.23
0.9.23?src/main/java/com/jsoniter/fuzzy/MaybeStringLongDecoder.java,0.9.23
0.9.23?src/main/java/com/jsoniter/fuzzy/MaybeStringShortDecoder.java,0.9.23
0.9.23?src/main/java/com/jsoniter/fuzzy/StringDoubleDecoder.java,0.9.23
0.9.23?src/main/java/com/jsoniter/fuzzy/StringFloatDecoder.java,0.9.23
0.9.23?src/main/java/com/jsoniter/fuzzy/StringIntDecoder.java,0.9.23
0.9.23?src/main/java/com/jsoniter/fuzzy/StringLongDecoder.java,0.9.23
0.9.23?src/main/java/com/jsoniter/fuzzy/StringShortDecoder.java,0.9.23
0.9.23?src/main/java/com/jsoniter/IterImpl.java,0.9.23
0.9.23?src/main/java/com/jsoniter/IterImplArray.java,0.9.23
0.9.23?src/main/java/com/jsoniter/IterImplForStreaming.java,0.9.23
0.9.23?src/main/java/com/jsoniter/IterImplNumber.java,0.9.23
0.9.23?src/main/java/com/jsoniter/IterImplObject.java,0.9.23
0.9.23?src/main/java/com/jsoniter/IterImplSkip.java,0.9.23
0.9.23?src/main/java/com/jsoniter/IterImplString.java,0.9.23
0.9.23?src/main/java/com/jsoniter/JsonIterator.java,0.9.23
0.9.23?src/main/java/com/jsoniter/JsonIteratorPool.java,0.9.23
0.9.23?src/main/java/com/jsoniter/MapKeyDecoders.java,0.9.23
0.9.23?src/main/java/com/jsoniter/output/Codegen.java,0.9.23
0.9.23?src/main/java/com/jsoniter/output/CodegenAccess.java,0.9.23
0.9.23?src/main/java/com/jsoniter/output/CodegenImplArray.java,0.9.23
0.9.23?src/main/java/com/jsoniter/output/CodegenImplMap.java,0.9.23
0.9.23?src/main/java/com/jsoniter/output/CodegenImplNative.java,0.9.23
0.9.23?src/main/java/com/jsoniter/output/CodegenImplObject.java,0.9.23
0.9.23?src/main/java/com/jsoniter/output/CodegenResult.java,0.9.23
0.9.23?src/main/java/com/jsoniter/output/DynamicCodegen.java,0.9.23
0.9.23?src/main/java/com/jsoniter/output/EncodingMode.java,0.9.23
0.9.23?src/main/java/com/jsoniter/output/JsonStream.java,0.9.23
0.9.23?src/main/java/com/jsoniter/output/JsonStreamPool.java,0.9.23
0.9.23?src/main/java/com/jsoniter/output/MapKeyEncoders.java,0.9.23
0.9.23?src/main/java/com/jsoniter/output/ReflectionArrayEncoder.java,0.9.23
0.9.23?src/main/java/com/jsoniter/output/ReflectionCollectionEncoder.java,0.9.23
0.9.23?src/main/java/com/jsoniter/output/ReflectionEncoderFactory.java,0.9.23
0.9.23?src/main/java/com/jsoniter/output/ReflectionEnumEncoder.java,0.9.23
0.9.23?src/main/java/com/jsoniter/output/ReflectionListEncoder.java,0.9.23
0.9.23?src/main/java/com/jsoniter/output/ReflectionMapEncoder.java,0.9.23
0.9.23?src/main/java/com/jsoniter/output/ReflectionObjectEncoder.java,0.9.23
0.9.23?src/main/java/com/jsoniter/output/StreamImplNumber.java,0.9.23
0.9.23?src/main/java/com/jsoniter/output/StreamImplString.java,0.9.23
0.9.23?src/main/java/com/jsoniter/ReflectionArrayDecoder.java,0.9.23
0.9.23?src/main/java/com/jsoniter/ReflectionCollectionDecoder.java,0.9.23
0.9.23?src/main/java/com/jsoniter/ReflectionDecoderFactory.java,0.9.23
0.9.23?src/main/java/com/jsoniter/ReflectionEnumDecoder.java,0.9.23
0.9.23?src/main/java/com/jsoniter/ReflectionMapDecoder.java,0.9.23
0.9.23?src/main/java/com/jsoniter/ReflectionObjectDecoder.java,0.9.23
0.9.23?src/main/java/com/jsoniter/spi/Binding.java,0.9.23
0.9.23?src/main/java/com/jsoniter/spi/ClassDescriptor.java,0.9.23
0.9.23?src/main/java/com/jsoniter/spi/ClassInfo.java,0.9.23
0.9.23?src/main/java/com/jsoniter/spi/Config.java,0.9.23
0.9.23?src/main/java/com/jsoniter/spi/ConstructorDescriptor.java,0.9.23
0.9.23?src/main/java/com/jsoniter/spi/Decoder.java,0.9.23
0.9.23?src/main/java/com/jsoniter/spi/DecodingMode.java,0.9.23
0.9.23?src/main/java/com/jsoniter/spi/EmptyExtension.java,0.9.23
0.9.23?src/main/java/com/jsoniter/spi/Encoder.java,0.9.23
0.9.23?src/main/java/com/jsoniter/spi/EncodeTo.java,0.9.23
0.9.23?src/main/java/com/jsoniter/spi/Extension.java,0.9.23
0.9.23?src/main/java/com/jsoniter/spi/GenericsHelper.java,0.9.23
0.9.23?src/main/java/com/jsoniter/spi/JsonException.java,0.9.23
0.9.23?src/main/java/com/jsoniter/spi/JsoniterSpi.java,0.9.23
0.9.23?src/main/java/com/jsoniter/spi/OmitValue.java,0.9.23
0.9.23?src/main/java/com/jsoniter/spi/Slice.java,0.9.23
0.9.23?src/main/java/com/jsoniter/spi/TypeLiteral.java,0.9.23
0.9.23?src/main/java/com/jsoniter/spi/UnwrapperDescriptor.java,0.9.23
0.9.23?src/main/java/com/jsoniter/spi/WrapperDescriptor.java,0.9.23
0.9.23?src/main/java/com/jsoniter/static_codegen/StaticCodegen.java,0.9.23
0.9.23?src/main/java/com/jsoniter/static_codegen/StaticCodegenConfig.java,0.9.23
0.9.23?src/main/java/com/jsoniter/ValueType.java,0.9.23
